Name #1,Name #2,Event,Type,Date (Year)
Ssynic,Craze,Rap Battle @ B-Day #10,Rap Battle,Unknown
Yarambo,JollyJay,Rap Battle @ B-Day #10,Rap Battle,Unknown
Kato,Bong Teggy,Rap Battle @ B-Day #10,Rap Battle,Unknown
Karanova,Mc Geuner,Rap Battle @ B-Day #10,Rap Battle,Unknown
Mighty P,Karma,Rap Battle @ B-Day #10,Rap Battle,Unknown
Lyrico,Tobi High,On Beat Rap Battle @ splash! 25,On Beat,Unknown
Lyrico,Tobi High,On Beat Rap Battle @ splash! 25,On Beat,Unknown
Pablo,Mordrake,On Beat Rap Battle @ splash! 25,On Beat,Unknown
Cris Kotzen & Escape,Vyrus & Freezy,2on2 On Beat Rap Battle @ splash! 25,On Beat,Unknown
Cris Kotzen & Escape,Vyrus & Freezy,2on2 On Beat Rap Battle @ splash! 25,On Beat,Unknown
Kid Soldier,Krom,On Beat Rap Battle @ splash! 25,On Beat,Unknown
N'antinein,Bahamakarma,On Beat Rap Battle @ splash! 25,On Beat,Unknown
N'antinein,Bahamakarma,On Beat Rap Battle @ splash! 25,On Beat,Unknown
Shizu,Mave,Rap Battle @ splash! 25,Rap Battle,Unknown
Shizu,Mave,Rap Battle @ splash! 25,Rap Battle,Unknown
Wolff,Requiem,Rap Battle @ M√ºnchen,Rap Battle,Unknown
Mc Geuner,Snakeheadrhyme,Rap Battle @ M√ºnchen,Rap Battle,Unknown
Tobi High,Yarambo,Rap Battle @ M√ºnchen,Rap Battle,Unknown
Joseph Steinschleuder,Shizu,Rap Battle @ M√ºnchen,Rap Battle,Unknown
T-Way,Julo,Rap Battle @ M√ºnchen,Rap Battle,Unknown
Kato,Meidi,Rap Battle @ MAYhem #6,Rap Battle,Unknown
Craze,Karanova,Rap Battle @ MAYhem #6,Rap Battle,Unknown
Zeuge,Joseph Steinschleuder,MAYhem #6,Rap Battle,Unknown
Mavgic,Bong Teggy,üèÜ On Beat Titlematch üèÜ,On Beat,Unknown
Tokz,Tisos,On Beat Match,On Beat,Unknown
Tokz,Tisos,On Beat Match,On Beat,Unknown
Rolling G,Jeystone,Proving Grounds @ Berlin,Rap Battle,Unknown
MC Janosch,Quasi Infamous,Proving Grounds @ Berlin,Rap Battle,Unknown
Bronko Banano,Young Kennedy,Proving Grounds @ Berlin,Rap Battle,Unknown
Valik,Davis,Proving Grounds @ Berlin,Rap Battle,Unknown
Mordrake,Faivel,Proving Grounds @ Wiesbaden,Rap Battle,Unknown
Holu & Freekno,Joseph Steinschleuder & Triple Beat,2on2,Rap Battle,Unknown
Gerro,Bilal,Rapbattle @ Kassel,Rap Battle,Unknown
Mars B.,JollyJay,Kassel,Rap Battle,Unknown
Duff,B-Dad,Kassel,Rap Battle,Unknown
Papi Schlauch,Craze,Rapbattle @ Stellwerk Hamburg,Rap Battle,Unknown
Joseph Steinschleuder,Hiding John,Rapbattle @ Stellwerk Hamburg,Rap Battle,Unknown
Mazzikaner,Requiem,Proving Grounds Rapbattle @ Panke Berlin,Rap Battle,Unknown
Aytee,Galv,On Beat Rapbattle Berlin @ 9th Birthday,On Beat,Unknown
Mavgic,Notyzze,On-Beat Rapbattle @Splash! Festival,On Beat,Unknown
Krom,Craze,On-Beat Rapbattle @Splash! Festival,On Beat,Unknown
Bong Teggy,Davie Jones,On-Beat Rapbattle @Splash! Festival,On Beat,Unknown
T-Way,Tobi High,On-Beat Rapbattle @Splash! Festival,On Beat,Unknown
Mars B.,Neilz,Backstage M√ºnchen,Rap Battle,Unknown
Phasenkind,Vyrus,On Beat Battle,On Beat,Unknown
Phasenkind,Vyrus,On Beat Battle,On Beat,Unknown
Shizu,Tao,Backstage M√ºnchen,Rap Battle,Unknown
MIKESH,SSYNIC,MAYhem #5,Rap Battle,Unknown
Robscure,Falki,MAYhem 5 Festsaal Kreuzberg,Rap Battle,Unknown
Hiding John,Julo,Spektakulum D√ºsseldorf Rapbattle,Rap Battle,Unknown
Deytona,Maka,Spektakulum D√ºsseldorf Rapbattle,Rap Battle,Unknown
Craze,ZinZity,NRWeekend 5,Rap Battle,Unknown
Mc Geuner,Phasenkind,NRWeekend 5,Rap Battle,Unknown
Khacoby,DeeLah,NRWeekend 5,Rap Battle,Unknown
Maka,Heinz87,NRWeekend 5,Rap Battle,Unknown
Joseph Steinschleuder,Steel,On Beat Rapbattle D√ºsseldorf,On Beat,Unknown
Niza,Devasberg,NRWeekend 5,Rap Battle,Unknown
Dizzepticon,Koozy,NRWeekend 5,On Beat,Unknown
Dizzepticon,Koozy,NRWeekend 5,On Beat,Unknown
Julo,Gerro,NRWeekend 5,Rap Battle,Unknown
Notyzze,Pablo,On-Beat Rapbattle M√ºnchen,On Beat,Unknown
Aytee,Phasenkind,On-Beat Rapbattle M√ºnchen,On Beat,Unknown
Falki,Davie Jones,On Beat Rapbattle M√ºnchen,On Beat,Unknown
Phasenkind,Ferry,Hidden Gems 2,Rap Battle,Unknown
Karanova,YAMANN,STREET BATTLES 2021,Rap Battle,2021
Khacoby,Peat,OnBeat Video Battle,On Beat,Unknown
Falki,Phasenkind,OnBeat Video Battle,On Beat,Unknown
Wandelbarz,YAAMANN,OnBeat Video Battle,On Beat,Unknown
DOC,Gerro (aka RenetixX),OnBeat Video Battle,On Beat,Unknown
Holu,Kairuzo,ExtraMatch,Rap Battle,2020
Kato,N'antinein,DLTLLY RapBattle (B.Day#7,Rap Battle,2020
DeeLah,Mars B.,DLTLLY RapBattle (B.Day#7,Rap Battle,2020
Joe Pharo,Hiding John,DLTLLY RapBattle (B.Day#7,Rap Battle,2020
Karma,Khacoby,DLTLLY RapBattle (B.Day#7,Rap Battle,2020
Joseph Steinschleuder,Indoor Stan,DLTLLY RapBattle (Panke,Rap Battle,2020
Brian Damage,Craze,DLTLLY RapBattle (Panke,Rap Battle,2020
Steel,Karanova,DLTLLY RapBattle (Panke,Rap Battle,2020
Bong Teggy,Robscure,DLTLLY RapBattle (Panke,Rap Battle,2020
Vorstadtflokati,Shizu,DLTLLY RapBattle (Panke,Rap Battle,2020
Kid Soldier,Hiding John,DLTLLY RapBattle (Panke,Rap Battle,2020
Falk,Karanova,Virtual On-Beat Battle,On Beat,Unknown
Phasenkind,Peat,Virtual On-Beat Battle,On Beat,Unknown
Kato,Mr. Whyte,Fussball Battle,Rap Battle,2020
Zoom Freestyle: Papi Schlauch,Master Marv,DLTLLY,Rap Battle,Unknown
Khacoby,Notyzze,Corona Battle Package,Rap Battle,Unknown
Mars B.,BX,Corona Battle Package,Rap Battle,Unknown
Craze,Burst,English 1 Rounder,Rap Battle,Unknown
Falk,Ano-nym,DLTLLY OnlineBattle,Rap Battle,Unknown
Zeptah,Gammel,DLTLLY OnlineBattle,Rap Battle,Unknown
Sizyphos,Robscure,DLTLLY Online Battle,Rap Battle,Unknown
Hiding John,A-Ron,DLTLLY Onlie Battle,Rap Battle,Unknown
Proton,Craze,On Beat + Accapella,On Beat,Unknown
Pablo,Jolle,DLTLLY Online Battle,Rap Battle,Unknown
T-Way,Kid Soldier,DLTLLY Online Battle,Rap Battle,Unknown
Phasenkind,Karanova,DLTLLY OnlineBattle,Rap Battle,Unknown
Proton,Notyzze,DLTLLY OnBeatBattle (NRWeekend4,On Beat,2020
Craze' Parts,Merlin,DLTLLY RapBattle (NRWeekend4,Rap Battle,2020
Falk + Khacoby,DNA + Ringelnatz,DLTLLY RapBattle (NRWeekend4,Rap Battle,2020
Ali Smart,Pulsar,DLTLLY RapBattle (D&DL CoEvent,Rap Battle,2020
DeeLah,Wandelbarz,DLTLLY RapBattle (NRWeekend4,Rap Battle,2020
Davie Jones,Fresh Polakke,DLTLLY OnBeatBattle (Berlin | Panke),On Beat,2020
Django,Leanders,DLTLLY RapBattle (NRWeekend4,Rap Battle,2020
Mazzikaner,DNA,DLTLLY OnBeatBattle (Berlin | Panke),On Beat,2020
Kato,Ano-nym,DLTLLY RapBattle (NRWeekend4,Rap Battle,2020
Phasenkind,Steel,DLTLLY OnBeatBattle (Berlin | Panke),On Beat,2020
DOC,Vorstadtflokati,DLTLLY RapBattle (NRWeekend4,Rap Battle,2020
Tollschock,Kid Soldier,DLTLLY RapBattle (NRWeekend4,Rap Battle,2020
Natif,Ryko-J,DLTLLY RapBattle (NRWeekend4,Rap Battle,2020
RenetiXX,A-Ron,DLTLLY RapBattle (NRWeekend4,Rap Battle,2020
Craze,Pablo,DLTLLY OnBeatBattle (Berlin | Panke),On Beat,2020
Wolff,Mars B.,DLTLLY RapBattle (Kassel),Rap Battle,2020
Hiding John,ZinZity,DLTLLY RapBattle (Kassel),Rap Battle,2020
Paleiacci,PrettyShittyJiggy,DLTLLY RapBattle (Kassel),Rap Battle,2020
Yarambo,Robscure,DLTLLY RapBattle (DISSember4,Rap Battle,2019
Cris Kotzen,Merlin,DLTLLY RapBattle (DISSember4,Rap Battle,2019
Ano-nym,Davie Jones,DLTLLY RapBattle (DISSember4,Rap Battle,2019
"DLTLLY+D&DL ""Breakthrough"" Steel",Tollschock,Finale (DISSember4,Rap Battle,2019
Falk + Khacoby,Sizyphos + Joseph Steinschleuder,DltllyBattle (DISSember4,Rap Battle,2019
Ryko-J,T-Way,DLTLLY RapBattle (Krefeld,Rap Battle,2019
Joseph Steinschleuder,Craze,DLTLLY RapBattle (K√∂ln),Rap Battle,2019
DeeLah,Zeuge,DLTLLY RapBattle (Krefeld,Rap Battle,2019
Kid Soldier,Khacoby,DLTLLY RapBattle (K√∂ln),Rap Battle,2019
RenetiXX,MC Geuner,DLTLLY RapBattle (K√∂ln),Rap Battle,2019
Cashus K. + Mac Horn,DNA + Ringelnatz,DLTLLY RapBattle (K√∂ln),Rap Battle,2019
A-Ron,Nika,DLTLLY RapBattle (Berlin,Rap Battle,2019
SnakeHeadRhyme,Karanova,DLTLLY RapBattle (Berlin,Rap Battle,2019
Phasenkind,PrettyShittyJiggy,DLTLLY (Ludwigshafen,Rap Battle,2019
MC Maik,Fate,DLTLLY RapBattle (Frankfurt),Rap Battle,2019
"DLTLLY+D&DL ""Breakthrough"" Steel",Hiding John,Halbfinale (Frankfurt),Rap Battle,2019
Joe Pharo,Ryko-J,DLTLLY RapBattle (Frankfurt),Rap Battle,2019
Brian Damage,Merlin,DLTLLY RapBattle (B.Day#6,Rap Battle,2019
Cris Kotzen,Robscure,DLTLLY RapBattle (B.Day#6,Rap Battle,2019
Henrey,Craze,DLTLLY RapBattle (B.Day#6,Rap Battle,2019
DNA + Ringelnatz,Fesas + Krom,DLTLLY RapBattle (Berlin),Rap Battle,2019
Lucky Number,Ortcutt,DLTLLY RapBattle (Berlin),Rap Battle,2019
"DLTLLY+D&DL ""Breakthrough"" ZinZity",Mazzikaner,Runde2 (Berlin),Rap Battle,2019
Ano-nym,Aytee,DLTLLY OnBeatBattle (Splash22),On Beat,2019
"DLTLLY+D&DL ""Breakthrough"" Steel",Driss,Runde2 (Berlin),Rap Battle,2019
Mavgic,Davie Jones,DLTLLY OnBeatBattle (Splash22),On Beat,2019
SnakeHeadRhyme,Lug Serious,DLTLLY RapBattle (HIPinside Berlin),Rap Battle,2019
"DLTLLY+D&DL ""Breakthrough"" Hiding John",Phasenkind,Runde2 (Berlin),Rap Battle,2019
Cris Kotzen,Pablo,DLTLLY OnBeatBattle (Splash22),On Beat,2019
Silence,K.O. Ray,DLTLLY RapBattle (HIPinside Berlin),Rap Battle,2019
"DLTLLY+D&DL ""Breakthrough"" Tollschock",Paleiacci,Runde2 (Berlin),Rap Battle,2019
Kato,Rino Mandingo,DLTLLY OnBeatBattle (Splash22),On Beat,2019
Yarambo,Cris Kotzen,DLTLLY RapBattle (Hamburg),Rap Battle,2019
Ano-nym,Joe Pharo,DLTLLY OnBeatBattle (Hamburg),On Beat,2019
Nikiz,Fabiga,DLTLLY OnBeatBattle (Hamburg),On Beat,2019
Merlin,Khacoby,DLTLLY RapBattle (Hamburg),Rap Battle,2019
Aris,Julo,DLTLLY RapBattle (Hamburg),Rap Battle,2019
Joseph Steinschleuder,Falk,DLTLLY RapBattle (Hamburg),Rap Battle,2019
Cashus K + Mac Horn,MC Geuner + Natif,DLTLLY RapBattle (Hamburg),Rap Battle,2019
DXXDSTXCK,TableddnTimmy,DLTLLY RapBattle (Hamburg),Rap Battle,2019
RenetiXX,Shizu,DLTLLY RapBattle (Hamburg),Rap Battle,2019
JerMC,Robscure,DLTLLY RapBattle (MAYhem4,Rap Battle,2019
Sizyphos,Davie Jones,DLTLLY RapBattle (MAYhem4,Rap Battle,2019
Fate,Craze,DLTLLY RapBattle (MAYhem4,Rap Battle,2019
Yarambo + Kato,Wolff + Joe Pharo,DLTLLY RapBattle (NRWeekend3,Rap Battle,2019
Duff,Lyrico,DLTLLY RapBattle (NRWeekend3,Rap Battle,2019
N'antinein,Joseph Steinschleuder,DLTLLY RapBattle (NRWeekend3,Rap Battle,2019
Ryko-J,Highdemann,DLTLLY RapBattle (NRWeekend3,Rap Battle,2019
Indoor Stan,Kid Soldier,DLTLLY RapBattle (NRWeekend3,Rap Battle,2019
Alice,Karma,DLTLLY RapBattle (NRWeekend3,Rap Battle,2019
MC Geuner,Mave,DLTLLY RapBattle (NRWeekend3,Rap Battle,2019
Pablo,Khacoby,DLTLLY RapBattle (NRWeekend3,Rap Battle,2019
Proton,Vinci,DLTLLY RapBattle (NRWeekend3,Rap Battle,2019
T-Jey,Papa TR,DLTLLY RapBattle (NRWeekend3,Rap Battle,2019
T-Way + Burst,Cashus K + Mac Horn,DLTLLY RapBattle (NRWeekend3,Rap Battle,2019
Herr Kuchen,Tao,DLTLLY RapBattle (Wiesbaden),Rap Battle,2019
Julo,PrettyShittyJiggy,DLTLLY RapBattle (Wiesbaden),Rap Battle,2019
Nais,Ano-nym,DLTLLY OnBeatBattle (Tapefabrik),On Beat,2019
Shortworth,Craze,DLTLLY RapBattle (Wiesbaden),Rap Battle,2019
Vyrus,Pablo,DLTLLY OnBeatBattle (Tapefabrik),On Beat,2019
A-Ron,Mr. Whyte,DLTLLY RapBattle (Wiesbaden),Rap Battle,2019
Robscure,VT,DLTLLY RapBattle (Kassel),Rap Battle,2019
Aris,Fate,DLTLLY RapBattle (Kassel),Rap Battle,2019
Papi Schlauch,Joe Pharo,DLTLLY RapBattle (Kassel),Rap Battle,2019
Mars B.,Joseph Steinschleuder,DLTLLY RapBattle (Kassel),Rap Battle,2019
Julo,Senad,DLTLLY RapBattle (CoEvent4,Rap Battle,2019
Kid Soldier,Karma,DLTLLY RapBattle (Kassel),Rap Battle,2019
Lug Serious,Audienzz,DLTLLY RapBattle (CoEvent4,Rap Battle,2019
Django,Craze,DLTLLY RapBattle (CoEvent4,Rap Battle,2019
SnakeHeadRhyme,Shizu,DLTLLY RapBattle (CoEvent4,Rap Battle,2019
JollyJay,Buddi,DLTLLY RapBattle (Dortmund,Rap Battle,2018
Akanoo,MC Geuner,DLTLLY RapBattle (Dortmund,Rap Battle,2018
Craze,Lug Serious,DLTLLY RapBattle (Dortmund,Rap Battle,2018
Joseph Steinschleuder,Vinci,DLTLLY RapBattle (Dortmund,Rap Battle,2018
Django,Ryko-J,DLTLLY RapBattle (Dortmund,Rap Battle,2018
Mr. Whyte,Bruda Tuck,DLTLLY RapBattle (Dortmund,Rap Battle,2018
T-Way,N'antinein,DLTLLY RapBattle (Dortmund,Rap Battle,2018
Wandelbarz,Tao,DLTLLY RapBattle (Dortmund,Rap Battle,2018
Henker,Highdemann,DLTLLY RapBattle (Dortmund,Rap Battle,2018
Lyrico,Henrey,DLTLLY RapBattle (Dortmund,Rap Battle,2018
Olio,Indoor Stan,DLTLLY OnBeatBattle (Leipzig),On Beat,2018
A-Ron,Chinooka,DLTLLY RapBattle (Dortmund,Rap Battle,2018
SnakeHeadRhyme,RenetiXX,DLTLLY RapBattle (Leipzig),Rap Battle,2018
Leonidas,Zeuge,DLTLLY RapBattle (Dortmund,Rap Battle,2018
Yarambo,Bong Teggy,DLTLLY RapBattle (B.Day#5,Rap Battle,2018
Pilz,Davie Jones,DLTLLY RapBattle (B.Day#5,Rap Battle,2018
Kid Soldier,DXXDSTXCK,DLTLLY RapBattle (Leipzig),Rap Battle,2018
Ano-nym,Pueblo Escobar,DLTLLY OnBeatBattle (Leipzig),On Beat,2018
Plural,T-Jey,DLTLLY RapBattle (Leipzig),Rap Battle,2018
Robscure,Vyrus,DLTLLY RapBattle (B.Day#5,Rap Battle,2018
Mave,Kato,DLTLLY Freestyle-RapBattle (HipHopKemp),Rap Battle,2018
Kato,Mars B.,DLTLLY RapBattle (FFM),Rap Battle,2018
Fabelouis,RenetiXX,DLTLLY RapBattle (FFM),Rap Battle,2018
Ano-nym,Wolff,DLTLLY NextGeneration Finale (FFM),Rap Battle,2018
Pueblo Escobar,Mave,DLTLLY OnBeatBattle (HipHopKemp,On Beat,2018
Joe Pharo,Joseph Steinschleuder,DLTLLY RapBattle (FFM),Rap Battle,2018
Cashus K,Barracuda,DLTLLY Rap Battle (FFM),Rap Battle,2018
Brian Damage + Karma,Lyrico + Bauda,DLTLLY OnBeatBattle (HipHopKemp,On Beat,2018
Tao,Shortworth,DLTLLY RapBattle (FFM),Rap Battle,2018
DXXDSTXCK,Bruda Tuck,DLTLLY NewcomerBattle  (D&DL-Co-Event3,Rap Battle,2018
Nedal Nib,CLEP,Studio Version + Extra 4. Runde,Rap Battle,Unknown
Farmer,Splopf,DLTLLY NewcomerBattle  (D&DL-Co-Event3,Rap Battle,2018
Tecey,Kid Soldier,DLTLLY NewcomerBattle  (D&DL-Co-Event3,Rap Battle,2018
A-Ron,Shizu,DLTLLY NewcomerBattle  (D&DL-Co-Event3,Rap Battle,2018
Clep,Nedal Nib,DLTLLY OnBeatBattle (Splash21),On Beat,2018
Yarambo,Clep,REMATCH!,Rap Battle,2018
N'antinein,Bong Teggy,DLTLLY OnBeatBattle (Splash21),On Beat,2018
Robscure + Karma,Wolff + Joe Pharo,DLTLLY RapBattle (Hamburg),Rap Battle,2018
MC Geuner,Vinci,DLTLLY RapBattle (Hamburg),Rap Battle,2018
RenetiXX,Karanova,DLTLLY RapBattle (Hamburg),Rap Battle,2018
Indoor Stan,Mikesh,DLTLLY RapBattle (Hamburg),Rap Battle,2018
Cashus K,Aris,DLTLLY RapBattle (Hamburg),Rap Battle,2018
VT,Bong Teggy,DLTLLY RapBattle (MAYhem3,Rap Battle,2018
Davie Jones,Karma,DLTLLY RapBattle (MAYhem3,Rap Battle,2018
LBB,Ssynic,Kato vs Brian Damage,Rap Battle,2018
Sizyphos,Henrey,DLTLLY RapBattle (MAYhem3,Rap Battle,2018
Merlin,BX,DLTLLY RapBattle (Stuttgart),Rap Battle,2018
Pueblo Escobar + Morizz Fizzl,Schalle + Alcantara,DLTLLY OnBeatBattle (Stuttgart),On Beat,2018
Mikesh,Akanoo,DLTLLY RapBattle (Stuttgart),Rap Battle,2018
Bdad,Nikiz,DLTLLY OnBeatBattle (Stuttgart),On Beat,2018
Fabelouis,Farmer,DLTLLY RapBattle (Stuttgart),Rap Battle,2018
Proton,Robscure,DLTLLY RapBattle (NRWeekend2,Rap Battle,2018
Change,Tommy2Late,DLTLLY OnBeatBattle (Stuttgart),On Beat,2018
Kato,Mave,DLTLLY RapBattle (NRWeekend2,Rap Battle,2018
Buddi,VT,DLTLLY OnBeatBattle (NRWeekend2,On Beat,2018
Tuncmann,Wandelbarz,DLTLLY RapBattle (NRWeekend2,Rap Battle,2018
Wolff,NichtDeinTyp,DLTLLY NextGeneration VR 4/4 (Stuttgart),Rap Battle,2018
Karanova,OE,DLTLLY RapBattle (NRWeekend2,Rap Battle,2018
Ano-Nym,RenetiXX,DLTLLY NextGeneration VR 3/4 (NRWeekend2,Rap Battle,2018
Jolle,Joseph Steinschleuder,DLTLLY NextGeneration VR 2/4 (NRWeekend2,Rap Battle,2018
Duff,T-Way,DLTLLY RapBattle (NRWeekend2,Rap Battle,2018
Falk,Khacoby,DLTLLY ComplimentBattle (NRWeekend2,Rap Battle,2018
Wolff + Joe Pharo,Ilhan + TableddnTimmy,DLTLLY RapBattle (D&DL CoEvent 1,Rap Battle,2018
Wolle der Grobe,Jakzta,DLTLLY NextGeneration VR 1/4 (D&DL CoEvent 1,Rap Battle,2018
Galv,Schote,DLTLLY OnBeatBattle (Tapefabrik,On Beat,2018
Notyzze,LUX,DLTLLY OnBeatBattle (Tapefabrik,On Beat,2018
VT,Mars B.,DLTLLY RapBattle (Kassel),Rap Battle,2018
Davie Jones,Vyrus,DLTLLY RapBattle (Kassel),Rap Battle,2018
Olio,Kato,DLTLLY RapBattle (Kassel),Rap Battle,2018
Bauda,Seby Tone,DLTLLY RapBattle (Kassel),Rap Battle,2018
Krom,Wolff,DLTLLY RapBattle (Kassel),Rap Battle,2018
Schalle,Joe Pharo,DLTLLY RapBattle (Kassel),Rap Battle,2018
JollyJay,Brian Damage,DLTLLY Bilingual Battle (DISSember2,Rap Battle,2017
CLEP,Robscure,DLTLLY RapBattle (DISSember2,Rap Battle,2017
Karma,Mars B.,DLTLLY RapBattle (DISSember2,Rap Battle,2017
T-Way,VT,DLTLLY RapBattle (DISSember2,Rap Battle,2017
Jack Dragon,Hansen,DLTLLY RapBattle (DISSember2,Rap Battle,2017
Cris Kotzen,Schote,DLTLLY OnBeatBattle (Leipzig),On Beat,2017
Louis Beton,H√∂rsturz,DLTLLY RapBattle (Leipzig),Rap Battle,2017
Wandelbarz,Mikesh,DLTLLY RapBattle (Leipzig),Rap Battle,2017
Sizyphos,Ilhan,DLTLLY RapBattle (Leipzig),Rap Battle,2017
FU!,Terra Pete,DLTLLY OnBeatBattle (Leipzig),On Beat,2017
MC Maik,Akanoo,DLTLLY RapBattle (Leipzig),Rap Battle,2017
Papi Schlauch,JerMC,DLTLLY RapBattle (Wien),Rap Battle,2017
DemoLux,Krom,DLTLLY RapBattle (Wien),Rap Battle,2017
Sirius Crack,Fate1,DLTLLY RapBattle (Wien),Rap Battle,2017
Proton,Tobi Nice,DLTLLY OnBeatBattles (B.Day#4,On Beat,2017
Lyrico,Nedal Nib,DLTLLY 2nd TITLE-MATCH (B.Day#4,Rap Battle,2017
Spike,Akanoo,DLTLLY Rap Battles (Wien),Rap Battle,2017
EkHead,CPE,DLTLLY RapBattle (FFM),Rap Battle,2017
VT,Karma,DLTLLY RapBattle (FFM),Rap Battle,2017
Clep,Bong Teggy,DLTLLY RapBattle (Splash 20),Rap Battle,2017
Brian Damage + Robscure,Yarambo + T-Way,DLTLLY RapBattle (Splash 20),Rap Battle,2017
Lyrico + Buddi,Falk + Khacoby,DLTLLY RapBattle (Splash 20),Rap Battle,2017
MC Maik,N'antinein,DLTLLY RapBattle (Splash 20),Rap Battle,2017
Merlin,Peter Pogen,DLTLLY RapBattle (Hamburg),Rap Battle,2017
Papi Schlauch,Fabiga,DLTLLY RapBattle (Hamburg),Rap Battle,2017
Davie Jones,Schote,DLTLLY OnBeatBattle (Hamburg),On Beat,2017
Nedal Nib,JerMc,DLTLLY RapBattle (Mayhem2,Rap Battle,2017
Nikiz,Stockinger,DLTLLY RapBattle (Mayhem2,Rap Battle,2017
Mikesh,Tuncmann,DLTLLY RapBattle (Hamburg),Rap Battle,2017
Henrey,Vyrus,DLTLLY RapBattle (Hamburg),Rap Battle,2017
Lyrico,Robscure,DLTLLY TitleContenderMatch (Mayhem2,Rap Battle,2017
N'antinein,Cris Kotzen,DLTLLY RapBattle (Mayhem2,Rap Battle,2017
MC Maik,Sizyphos,DLTLLY RapBattle (Mayhem2,Rap Battle,2017
T-Way,Merlin,DLTLLY RapBattle (M√ºnchen),Rap Battle,2017
Schote,Jack Dragon,DLTLLY RapBattle (M√ºnchen),Rap Battle,2017
Karma,BDad,DLTLLY RapBattle (M√ºnchen),Rap Battle,2017
Change19,Schalle,DLTLLY RapBattle (M√ºnchen),Rap Battle,2017
Wolle Der Grobe,Balavababa,DLTLLY NewcomerBattle (M√ºnchen),Rap Battle,2017
Mars B.,Yarambo,DLTLLY RapBattle (NRWeekend,Rap Battle,2017
DuFF,Doktor Dave,DLTLLY RapBattle (NRWeekend,Rap Battle,2017
VT,Vyrus,DLTLLY RapBattle (NRWeekend,Rap Battle,2017
Tobi Nice,Notyzze,DLTLLY RapBattle (NRWeekend,Rap Battle,2017
Barracuda,Mavgic,DLTLLY RapBattle (NRWeekend,Rap Battle,2017
Fabiga,Four Seven,DLTLLY RapBattle (NRWeekend,Rap Battle,2017
Henrey,N'antinein,DLTLLY RapBattle (Tapefabrik,Rap Battle,2017
Robscure,Merlin,DLTLLY RapBattle (Berlin),Rap Battle,2017
Tommy2Late,H√∂rsturz,DLTLLY RapBattle (Berlin),Rap Battle,2017
Rino Mandingo,Cris Kotzen,DLTLLY RapBattle (Berlin),Rap Battle,2017
Sizyphos,Akanoo,DLTLLY RapBattle (Berlin),Rap Battle,2017
Robscure,Mars B.,DLTLLY RapBattle (Kassel),Rap Battle,2017
Lamin,Papa TR,DLTLLY RapBattle (Kassel),Rap Battle,2017
MC Maik,Bauda,DLTLLY RapBattle (Kassel),Rap Battle,2017
Olio,CPE,DLTLLY RapBattle (Kassel),Rap Battle,2017
VT,ShaoLum,DLTLLY RapBattle (Kassel),Rap Battle,2017
Crocodile Andi,Teach,DLTLLY RapBattle (Kassel),Rap Battle,2017
Davie Jones,Clepto,DLTLLY RapBattle (Leipzig),Rap Battle,2016
Paperbite,D-OS,DLTLLY NewcomerBattle (Kassel),Rap Battle,2017
Doktor Dave,Mave,DLTLLY RapBattle (Leipzig),Rap Battle,2016
Papi Schlauch,Lyrico,DLTLLY RapBattle (Dissember,Rap Battle,2016
Louis Beton,Sizyphos,DLTLLY RapBattle (Leipzig),Rap Battle,2016
Stock,Reinicken + Bossom,DLTLLY RapBattle (Leipzig),Rap Battle,2016
Raptor Warhurst,Unanymous,DLTLLY RapBattle (Dissember,Rap Battle,2016
T-Way,JerMc,DLTLLY RapBattle (Dissember,Rap Battle,2016
Karma,Henrey,DLTLLY RapBattle (Dissember,Rap Battle,2016
Tobi High & Max Stoned,CPE & Ekhead,DLTLLY RapBattle (Stuttgart),Rap Battle,2016
Yarambo,N'antinein,DLTLLY RapBattle (Stuttgart),Rap Battle,2016
Akanoo,Mr. Whyte,DLTLLY RapBattle (3x in die Fresse,Rap Battle,2016
Change19,BX,DLTLLY RapBattle (Stuttgart),Rap Battle,2016
Gixtah,Street,DLTLLY NewcomerBattle (3x in die Fresse,Rap Battle,2016
Barracuda,Schalle,DLTLLY RapBattle (Stuttgart),Rap Battle,2016
Nicht Dein Typ,Tommy2Late,DLTLLY RapBattle (Stuttgart),Rap Battle,2016
Vyrus,Four Seven,DLTLLY RapBattle (Stuttgart),Rap Battle,2016
Dawson,Solay,DLTLLY NewcomerBattle (Day 2/2,Rap Battle,2016
Brian Damage & Harry Crotch,Robscure & Karma,DLTLLY RapBattle (B.Day#3,Rap Battle,2016
ANO-NYM,Dirty GommoraH,DLTLLY RapBattle (Day 2/2,Rap Battle,2016
Cris Kotzen,MC Maik,DLTLLY RapBattle (Day 1/2,Rap Battle,2016
Mr. Whyte,Four Seven,DLTLLY NewcomerBattle (Day 2/2,Rap Battle,2016
Davie Jones,Mars B.,DLTLLY RapBattle (B.Day#3,Rap Battle,2016
Hansen,T-Way,DLTLLY RapBattle (Day 1/2,Rap Battle,2016
Joe-L,Schalle,DLTLLY RapBattle (Day 1/2,Rap Battle,2016
Tobi High,Max Stoned,DLTLLY RapBattle (B.Day#3,Rap Battle,2016
ShaoLum,WandelBarZ,DLTLLY RapBattle (Day 2/2,Rap Battle,2016
Jack Dragon,Henrey,DLTLLY RapBattle (B.Day#3,Rap Battle,2016
Bruf,Dirrdy D,DLTLLY NewcomerBattle (Day 2/2,Rap Battle,2016
VT & Tobi Nice,Ekhead & CPE,DLTLLY RapBattle (Day 1/2,Rap Battle,2016
Falk & Khacoby,O.G.OhneGummi & Eric Ventura,DLTLLY RapBattle (Day 1/2,Rap Battle,2016
Barracuda,Olio,DLTLLY RapBattle (Day 1/2,Rap Battle,2016
Davie Jones,Doktor Dave,DLTLLY RapBattle (The Base,Rap Battle,2016
N'antinein,Besser,DLTLLY RapBattle (The Base,Rap Battle,2016
Atzenkalle,Main Moe,DLTLLY RapBattle (Splash19),Rap Battle,2016
Tobi Nice & Duff,Yarambo & Indoor Stan,DLTLLY RapBattle (Splash19),Rap Battle,2016
Schote & BDad,Buddi & Fabiga,DLTLLY RapBattle (Splash19),Rap Battle,2016
Cris Kotzen,Fab,DLTLLY RapBattle (Fete de la HipHop,Rap Battle,2016
Robscure,Davie Jones,DLTLLY RapBattle (Wien),Rap Battle,2016
Seby Tone,Karma,DLTLLY RapBattle (Wien),Rap Battle,2016
Battleboi Basti,Doktor Dave,DLTLLY RapBattle (MAYhem,Rap Battle,2016
Lyrico,Hansen,DLTLLY RapBattle (MAYhem,Rap Battle,2016
Jack Dragon,JerMc,DLTLLY RapBattle (Wien),Rap Battle,2016
FellowSoph,Ekhead,DLTLLY RapBattle (Wien),Rap Battle,2016
Barbee n' Flow,Spello & Al Pone,DLTLLY RapBattle (Wien),Rap Battle,2016
Mave & MC Maik,Tobi Nice & Duff,DLTLLY RapBattle (MAYhem,Rap Battle,2016
Cleptomatic,Yarambo,DLTLLY RapBattle (MAYhem,Rap Battle,2016
Indoor Stan & Nikiz,N'antinein & BX,DLTLLY RapBattle (MAYhem,Rap Battle,2016
BDad,N'antinein,DLTLLY RapBattle (DailyRapJam,Rap Battle,2016
Change19,Akanoo,DLTLLY RapBattle (DailyRapJam,Rap Battle,2016
T-Way,Mars B.,DLTLLY RapBattle (Kassel),Rap Battle,2016
Mavgic,Joe-L,DLTLLY NewcomerBattle (Kassel),Rap Battle,2016
Eric Ventura & O.G. Ohne Gummi,Tobi High & Max Stoned,DLTLLY RapBattle (Kassel),Rap Battle,2016
Aladin,Khan G.,DLTLLY RapBattle (Kassel),Rap Battle,2016
Olio,VT,DLTLLY RapBattle (Kassel),Rap Battle,2016
Yarambo,Fabiga,DLTLLY RapBattle (D√ºsseldorf),Rap Battle,2016
Akzent,Peat Pandora,DLTLLY RapBattle (D√ºsseldorf),Rap Battle,2016
Proton,Notyzze,DLTLLY RapBattle (D√ºsseldorf),Rap Battle,2016
Wandelbarz,Cris Kotzen,DLTLLY RapBattle (Dortmund),Rap Battle,2016
Zeptah,Neit,DLTLLY RapBattle (Dortmund),Rap Battle,2016
Robscure,BX,DLTLLY RapBattle (Kassel),Rap Battle,2016
Falk & Khacoby,Ekhead & CPE,DLTLLY RapBattle (D√ºsseldorf),Rap Battle,2016
Bauda,Henrey,DLTLLY RapBattle (D√ºsseldorf),Rap Battle,2016
Harlem T,MC Intifada,DLTLLY FreestyleBattle (Dortmund),Rap Battle,2016
Indoor Stan,Robscure,DLTLLY RapBattle (Berlin),Rap Battle,2016
DirtySanchez,Karma,DLTLLY RapBattle (Berlin),Rap Battle,2016
Scumgod,Der Schwede,DLTLLY RapBattle (Berlin),Rap Battle,2016
Muro,Marc Zufall,DLTLLY RapBattle (D√ºsseldorf),Rap Battle,2016
Saking,Black Snowman,DLTLLY NewcomerBattle (FFM),Rap Battle,2016
Nikiz,Cleptomatic,DLTLLY RapBattle (Berlin),Rap Battle,2016
Mars B.,Jack Dragon,DLTLLY RapBattle (Privat,Rap Battle,2016
Schalle,Aladin,DLTLLY RapBattle (FFM),Rap Battle,2016
MfGen,Ciro,DLTLLY NewcomerBattle (FFM),Rap Battle,2016
D-OS,Banal,DLTLLY NewcomerBattle (FFM),Rap Battle,2016
BX,Patrick Enemy,DLTLLY RapBattle (FFM),Rap Battle,2016
Tobi High & Max Stoned,Lockenkopf & Tschappy,DLTLLY RapBattle (FFM),Rap Battle,2016
N'antinein,Dopex,DLTLLY RapBattle (FFM),Rap Battle,2016
Johnny Rakete,Kex Kuhl,DLTLLY ComplimentsBattle (5 Jahre Daily Rap Jam,Rap Battle,2016
Karma,Akanoo,DLTLLY RapBattle (5 Jahre Daily Rap Jam,Rap Battle,2016
Indoor Stan,Yarambo,DLTLLY RapBattle (Bochum),Rap Battle,2015
FALK,FraX One,DLTLLY RapBattle (Bochum),Rap Battle,2015
Notyzze,Buddi,DLTLLY RapBattle (Bochum),Rap Battle,2015
Collapz & CPE,Aresst & D.ZUM.A,DLTLLY NewcomerBattle (Bochum),Rap Battle,2015
Fabiga,Bauda,DLTLLY RapBattle (Bochum),Rap Battle,2015
Jack Dragon,Smoke T√º√º,DLTLLY RapBattle (Stuttgart),Rap Battle,2015
Dezzad,N'Antinein,DLTLLY RapBattle (Stuttgart),Rap Battle,2015
Nedal Nib,Mars B.,DLTLLY RapBattle (B.day #2,Rap Battle,2015
Ali Affront,Seby Tone,DLTLLY RapBattle (B.Day#2,Rap Battle,2015
Change19 & Henrey,Tobi High & Max Stoned,DLTLLY RapBattle (B.Day#2,Rap Battle,2015
Karma,Robscure,DLTLLY RapBattle (B.Day#2,Rap Battle,2015
Hansen,George Midas,DLTLLY RapBattle (Berlin),Rap Battle,2015
Fab,Cemo,DLTLLY NewcomerBattle (DAYtime Event,Rap Battle,2015
Dezzad,Schnaxler,DLTLLY RapBattle (DAYtime Event,Rap Battle,2015
Le Nerd,Tobi Nice,DLTLLY RapBattle (Berlin),Rap Battle,2015
Pedro,Jean-Gough Frais,DLTLLY RapBattle (Berlin),Rap Battle,2015
T Way,Nikiz,DLTLLY RapBattle (Berlin),Rap Battle,2015
Mio Mao,Buddi,DLTLLY RapBattle (Tapefabrik,Rap Battle,2015
Lyrico,Mars B.,DLTLLY RapBattle (Tapefabrik,Rap Battle,2015
Karma,Limstar,DLTLLY NewcomerBattle (M√ºnchen),Rap Battle,2015
Henrey,Change19,DLTLLY NewcomerBattle (M√ºnchen),Rap Battle,2015
Le Nerd,Davie Jones,DLTLLY RapBattle (Berlin),Rap Battle,2015
JOLLYJAY,MR TONGUE TWISTER,Dont Flop Rap Battle,Rap Battle,Unknown
Mighty Mo & Nedal Nib,Duff,DLTLLY RapBattle (Splash 18),Rap Battle,2015
Mars B.,Mirror,DLTLLY RapBattle (Berlin),Rap Battle,2015
Tis L,T-Way,DLTLLY RapBattle (Berlin),Rap Battle,2015
MC Maik + Mave,Scumgod + DirtySanchez,DLTLLY RapBattle (Berlin),Rap Battle,2015
Merlin,Bong Teggy,DLTLLY RapBattle (M√ºnchen),Rap Battle,2015
Jack Dragon,Demolux,DLTLLY RapBattle (M√ºnchen),Rap Battle,2015
Brian Damage,Harry Crotch,DLTLLY ComplimentsBattle (M√ºnchen),Rap Battle,2015
Ali Affront,Fellowsoph,DLTLLY RapBattle (M√ºnchen),Rap Battle,2015
Brian Damage,Davie Jones,DLTLLY RapBattle (Livin' HipHop Jam,Rap Battle,2015
Lyrico,Harry Crotch,DLTLLY RapBattle (Livin' HipHop Jam,Rap Battle,2015
Doktor Dave,George Midas (HipHop Convention),DLTLLY RapBattle (Berlin),Rap Battle,2015
Tis L,Bauda,DLTLLY RapBattle  (Berlin),Rap Battle,2015
Nikiz,Le Nerd,DLTLLY RapBattle (Berlin),Rap Battle,2015
Scumgod + DirtySanchez,Tschappy + Doktor Dave,DLTLLY RapBattle (Berlin),Rap Battle,2015
Mighty Mo,Hansen - REMATCH!,DLTLLY RapBattle (Hamburg),Rap Battle,2015
DeeLah,D.O.C.,DLTLLY RapBattle (Hamburg),Rap Battle,2015
Kenny Kansas,Core One,DLTLLY RapBattle (Hamburg),Rap Battle,2015
Onkel Oktomusch + Die Zwetschke,Mave + MC Maik,DLTLLY RapBattle (Hamburg),Rap Battle,2015
Nedal Nib,Der Fischer,DLTLLY RapBattle (Hamburg),Rap Battle,2015
Mac Horn + Cashus K.,PadaLash + SZD,DLTLLY RapBattle (Hamburg),Rap Battle,2015
Aytee,Fabiga,DLTLLY RapBattle (DAYtime Event,Rap Battle,2015
Buddi,Duff,DLTLLY RapBattle (DAYtime Event,Rap Battle,2015
Proton,Heideck,DLTLLY RapBattle (DAYtime Event,Rap Battle,2015
Buy Some,T-Way,DLTLLY RapBattle (DAYtime Event,Rap Battle,2015
Juskah,BDad,DLTLLY RapBattle (B.Day#1,Rap Battle,2014
Merlin,Schote,DLTLLY RapBattle (B.Day#1,Rap Battle,2014
George Midas,RV,DLTLLY RapBattle (B.Day#1,Rap Battle,2014
Bong Teggy,Papi Schlauch// DLTLLY RapBattle (B.Day#1,Berlin),Rap Battle,2014
NilsmSkils,MosProb,English Rap Battle,Rap Battle,2014
Buddi,Jack Dragon,DLTLLY RapBattle (B.Day#1,Rap Battle,2014
Rino Mandingo + Johnny Rakete,Onkel Oktomusch + Die Zwetschke,DLTLLY (B.Day,Rap Battle,2014
Doktor Dave,Nedal Nib,DLTLLY RapBattle (B.Day#1,Rap Battle,2014
Der Fischer,Harry Crotch,DLTLLY RapBattle (Stuttgart),Rap Battle,2014
BX,Crash Bundy,DLTLLY RapBattle (Stuttgart),Rap Battle,2014
Peter Pogen,Mars B.,DLTLLY RapBattles (Stuttgart),Rap Battle,2014
BDad,Smoke T√º√º,DLTLLY RapBattle (Stuttgart),Rap Battle,2014
JEAN GOUGH FRAIS,OGMIOS,Don't Flop Rap Battle,Rap Battle,Unknown
IMPACT,MANIAC,Don't Flop Rap Battle,Rap Battle,Unknown
Jack Dragon,Suza,DLTLLY RapBattle  (Don't Flop CoEvent,Rap Battle,2014
INNUENDO,JOLLYJAY,Don't Flop Rap Battle,Rap Battle,Unknown
Nikiz,Luie-Die-Nadel,DLTLLY RapBattles (Don't Flop CoEvent,Rap Battle,2014
MR TONGUE TWISTER,BRIAN DAMAGE,Don't Flop Rap Battle,Rap Battle,Unknown
Fatcap,Doktor Dave,DLTLLY RapBattle (Don't Flop CoEvent,Rap Battle,2014
Merlin,Gozpel,DLTLLY RapBattle (Splash 17),Rap Battle,2014
Mighty P,MC Maik,DLTLLY RapBattle (EOW-Tour,Rap Battle,2014
DuFF,Fresh Polakke,DLTLLY RapBattle (Splash 17),Rap Battle,2014
Duzoe & Dollar John,Der Fischer & Johnny Medez,DLTLLY RapBattle (EOW-Tour,Rap Battle,Unknown
Brian Damage + Philipp Quh,Mighty Mo + Nedal Nib,DLTLLY RapBattle (Splash 17),Rap Battle,2014
Pille,MisterOneTake,DLTLLY RapBattle (EOW-Tour,Rap Battle,2014
BDad,TWO,DLTLLY RapBattle (EOW-Tour,Rap Battle,2014
Proton,Koozy,DLTLLY RapBattle (EOW-Tour,Rap Battle,2014
Onkel Oktomusch & Die Zwetschke,DeeLah & MOH,DLTLLY RapBattle (EOW-Tour,Rap Battle,2014
Mirko Fon,Kiddom,DLTLLY RapBattle (EOW-Tour,Rap Battle,2014
Mighty Mo,Hansen,DLTLLY RapBattle (EOW-Tour,Rap Battle,2014
Salo,Tanguy,DLTLLY RapBattle (M√ºnchen),Rap Battle,2014
Seby Tone,Manny Blanco,DLTLLY RapBattle (M√ºnchen),Rap Battle,2014
Jack Dragon,Davie Jones,DLTLLY RapBattle (M√ºnchen),Rap Battle,2014
Johnny Rakete,Philipp Quh,DLTLLY RapBattle (M√ºnchen),Rap Battle,2014
Nestor,Pirate,DLTLLY RapBattle (Berlin),Rap Battle,2014
Nikiz,Doktor Dave,DLTLLY RapBattle (Berlin),Rap Battle,2014
Micky Worthless,Jean-Gough Frais,DLTLLY international RapBattle,Rap Battle,2014
George Midas,Der Fischer,DLTLLY RapBattle (Berlin),Rap Battle,2014
Brian Damage & Harry Crotch,Proton & Roni 87,DLTLLY RapBattle (Berlin),Rap Battle,2014
Amah,Koozy,DLTLLY RapBattle (M√ºnchen),Rap Battle,2014
Harry Crotch,Jack Dragon,DLTLLY RapBattle (M√ºnchen),Rap Battle,2014
Merlin,Mighty P,DLTLLY RapBattle (M√ºnchen),Rap Battle,2014
Johnny Rakete,Duff,DLTLLY RapBattle (M√ºnchen),Rap Battle,2014
Hansen,Presto,DLTLLY RapBattle (Berlin),Rap Battle,2013
Zero2012,Der Fischer,DLTLLY RapBattle (Berlin),Rap Battle,2013
Rino Mandingo,Breeze,DLTLLY RapBattle (Berlin),Rap Battle,2013
MC Mirror,Proton,DLTLLY RapBattle (Berlin),Rap Battle,2013
Mos Prob,Maniac,DLTLLY RapBattle (Berlin),Rap Battle,2013
Brian Damage,Doktor Dave,DLTLLY RapBattle (Berlin),Rap Battle,2013
Kizu,Trump,DLTLLY RapBattle (Berlin),Rap Battle,2013
Doktor Dave,Jack Dragon,DLTLLY RapBattle (Berlin),Rap Battle,2013
Rob Really,Manekin Peace,DLTLLY RapBattle (Berlin),Rap Battle,2013
Brian Damage,Mighty P,DLTLLY RapBattle (Berlin),Rap Battle,2013
Hansen,Kurzer Prozess,DLTLLY RapBattle (Berlin),Rap Battle,2013
