Name #1,Name #2,Event,Type,Year,Channel,Uploaded,Views
Karkobi,Requiem,  Wien,Accapella,2023,DLTLLY,2023-12-24,10904
Kane,David Ardor,Battle,Accapella,2023,DUDL,2023-12-23,1661
Barbee & Flow,Fate & Joseph Steinschleuder,2on2  Wien,Accapella,2023,DLTLLY,2023-12-22,13041
CLOCKWORK,CSN GALACTICO,ACAPELLA BATTLE,Accapella,2023,FOB,2023-12-21,2535
SNAKEHEADRHYME,A-RON,ACAPELLA BATTLE,Accapella,2023,FOB,2023-12-17,7122
KIRUMA,HIDING JOHN,ACAPELLA BATTLE,Accapella,2023,FOB,2023-12-17,9060
SHAOLUM,EZRA,ONE-ROUNDER,Accapella,2023,FOB,2023-12-10,3185
KvW,Jilly,Battle,Accapella,2023,DUDL,2023-12-09,3677
FREEKNO,MORGANA,ACAPELLA BATTLE,Accapella,2023,FOB,2023-12-08,5210
Flashus Christus,K9NE,  Wien,Accapella,2023,DLTLLY,2023-12-08,6280
VYRUS,KARANOVA,ON BEAT BATTLE,On Beat,2023,FOB,2023-12-01,21975
MOODY,TECEY,ACAPELLA BATTLE,Accapella,2023,FOB,2023-11-26,3192
JOE PHARO,LITTLE SEDO,ACAPELLA BATTLE,Accapella,2023,FOB,2023-11-24,8246
Schalle,Shortworth,  Wien,Accapella,2023,DLTLLY,2023-11-24,11193
Duff,Joe Pharo,  Dortmund,Accapella,2023,DLTLLY,2023-11-22,22302
NASTIC,STEEL,ON BEAT BATTLE,On Beat,2023,FOB,2023-11-19,16270
Grandmaster Flow,Kalp One,  Wien,Accapella,2023,DLTLLY,2023-11-16,7324
Wenzel Washington,Davis,  Wien,Accapella,2023,DLTLLY,2023-11-16,11005
Belial,Julo,  Dortmund,Accapella,2023,DLTLLY,2023-11-16,25589
JEPAIN,CELUNE,ACAPELLA BATTLE,Accapella,2023,FOB,2023-11-16,6140
BAYZE,M.F.L.,ACAPELLA BATTLE,Accapella,2023,FOB,2023-11-12,5379
KOOZY,ZEPTAH,ON BEAT BATTLE,On Beat,2023,FOB,2023-11-10,7549
LUCKYLILY,IKKS,ACAPELLA BATTLE,Accapella,2023,FOB,2023-11-10,6997
Bong Teggy,Davie Jones, Splash! Festival,On Beat,2023,DLTLLY,2023-11-07,130524
Phasenkind,Vyrus,Battle,On Beat,2023,DLTLLY,2023-11-07,56402
N'antinein,Bahamakarma,  splash! 25,On Beat,2023,DLTLLY,2023-11-07,17279
Lyrico,Tobi High,  splash! 25,On Beat,2023,DLTLLY,2023-11-07,35587
Shizu,Mave,  splash! 25,Accapella,2023,DLTLLY,2023-11-07,17562
Notyzze,Pablo,M√ºnchen,On Beat,2023,DLTLLY,2023-11-07,27405
Aytee,Phasenkind,M√ºnchen,On Beat,2023,DLTLLY,2023-11-07,141386
Falki,Davie Jones,M√ºnchen,On Beat,2023,DLTLLY,2023-11-07,54356
Joseph Steinschleuder,Steel,D√ºsseldorf,On Beat,2023,DLTLLY,2023-11-07,35233
Krom,Craze, Splash! Festival,On Beat,2023,DLTLLY,2023-11-07,35928
Mavgic,Notyzze, Splash! Festival,On Beat,2023,DLTLLY,2023-11-07,62170
Pablo,Mordrake,  splash! 25,On Beat,2023,DLTLLY,2023-11-07,12345
Kid Soldier,Krom,  splash! 25,On Beat,2023,DLTLLY,2023-11-07,20396
Cris Kotzen & Escape,Vyrus & Freezy,2on2   splash! 25,On Beat,2023,DLTLLY,2023-11-07,33129
Tokz,Tisos,Match,On Beat,2023,DLTLLY,2023-11-07,11204
Ssynic,Craze,  B-Day #10,Accapella,2023,DLTLLY,2023-11-06,106989
SUZIE SUH,MALIK,ACAPELLA BATTLE,Accapella,2023,FOB,2023-11-05,4781
SIC68,LEOQUENT,ACAPELLA BATTLE,Accapella,2023,FOB,2023-10-29,2365
Yarambo,JollyJay,  B-Day #10,Accapella,2023,DLTLLY,2023-10-29,69848
TEACH,SHORTWORTH,ACAPELLA BATTLE,Accapella,2023,FOB,2023-10-27,4954
Kato,Bong Teggy,  B-Day #10,Accapella,2023,DLTLLY,2023-10-25,59735
M.F.L.,CLOCKWORK,ACAPELLA BATTLE,Accapella,2023,FOB,2023-10-21,2997
DEELAH,DADDA,ACAPELLA BATTLE,Accapella,2023,FOB,2023-10-20,10043
Karanova,Mc Geuner,  B-Day #10,Accapella,2023,DLTLLY,2023-10-15,32150
Jeystone,Karanova,Battle,Accapella,2023,DUDL,2023-10-14,13493
DIAMOND,NATALI,ACAPELLA BATTLE,Accapella,2023,FOB,2023-10-13,10422
Mighty P,Karma,  B-Day #10,Accapella,2023,DLTLLY,2023-10-08,23037
Flashus Christus,B√©la Garbage,Battle,Accapella,2023,DUDL,2023-10-07,5244
ShadyX,David Ardor,Battle,Accapella,2023,DUDL,2023-09-30,3709
FAIVEL,MAZZIKANER,ACAPELLA BATTLE,Accapella,2023,FOB,2023-09-24,3845
DEZ,MC Rabiat,Battle,Accapella,2023,DUDL,2023-09-23,4980
JOSEPH STEINSCHLEUDER,ALADIN,ON BEAT BATTLE,On Beat,2023,FOB,2023-09-21,19686
Wolff,Requiem,  M√ºnchen,Accapella,2023,DLTLLY,2023-09-15,35659
Mc Geuner,Snakeheadrhyme,  M√ºnchen,Accapella,2023,DLTLLY,2023-09-15,28955
Tobi High,Yarambo,  M√ºnchen,Accapella,2023,DLTLLY,2023-08-28,94507
T-Way,Julo,  M√ºnchen,Accapella,2023,DLTLLY,2023-08-21,21022
NOTYZZE,PATO G (FINALE),FREESTYLE BATTLE,Accapella,2023,FOB,2023-08-10,8187
DER SERGEANT,MUSIO,ACAPELLA BATTLE,Accapella,2023,FOB,2023-08-10,3814
VYRUS,KOOZY,ON BEAT BATTLE,On Beat,2023,FOB,2023-08-10,11193
FAIVEL,TRIPLE,MIXED MARTIAL BARS,Accapella,2023,FOB,2023-08-10,4520
ROLLING G,ATROPATRAP,ACAPELLA BATTLE,Accapella,2023,FOB,2023-08-10,16753
NASTIC (FINNASTIC),CRIPSTA,ON BEAT BATTLE,On Beat,2023,FOB,2023-08-10,4783
DAVIE JONES,KIRUMA,ACAPELLA BATTLE,Accapella,2023,FOB,2023-08-10,40109
TEACH,DJANGO (BATTLE UM PLATZ 3),FREESTYLE BATTLE,Accapella,2023,FOB,2023-08-10,2503
REQUIEM,ALADIN,ON BEAT BATTLE,On Beat,2023,FOB,2023-08-10,5046
Joseph Steinschleuder,Shizu,  M√ºnchen,Accapella,2023,DLTLLY,2023-08-01,30557
Kato,Meidi,  MAYhem #6,Accapella,2023,DLTLLY,2023-07-31,123474
MALIK,JEPAIN,ACAPELLA BATTLE,Accapella,2023,FOB,2023-07-28,2626
Craze,Karanova,  MAYhem #6,Accapella,2023,DLTLLY,2023-07-25,60336
RIPA,CIZERO,ACAPELLA BATTLE,Accapella,2023,FOB,2023-07-23,1736
DER SERGEANT,CLOCKWORK,ACAPELLA BATTLE,Accapella,2023,FOB,2023-07-21,2949
YOUNG KENNEDY,LIUZ,ACAPELLA BATTLE,Accapella,2023,FOB,2023-07-16,3597
Karkobi,Hiding John,MAYhem #6,Accapella,2023,DLTLLY,2023-07-14,56271
BARETTA,OLDBOY,ACAPELLA BATTLE,Accapella,2023,FOB,2023-07-14,2712
Kid Soldier,Hansen,MAYhem #6,Accapella,2023,DLTLLY,2023-07-09,53268
Zeuge,Joseph Steinschleuder,MAYhem #6,Accapella,2023,DLTLLY,2023-07-08,37141
FINNASTIC,FAIVEL,ON BEAT BATTLE,On Beat,2023,FOB,2023-07-07,3829
Jindo109,Liuz,Proving Grounds Berlin,Accapella,2023,DLTLLY,2023-07-07,47593
Mavgic,Bong Teggy,üèÜ  Titlematch üèÜ,On Beat,2023,DLTLLY,2023-07-02,100399
MOODY,CSN GALACTICO,ACAPELLA BATTLE,Accapella,2023,FOB,2023-06-30,2965
EZRA,TECEY,ACAPELLA BATTLE,Accapella,2023,FOB,2023-06-30,2300
Rolling G,Jeystone,Proving Grounds Berlin,Accapella,2023,DLTLLY,2023-06-25,17653
Kiruma,Jeystone,Battle,Accapella,2023,DUDL,2023-06-24,22366
LARA SOFT,MAT052,ON BEAT BATTLE,On Beat,2023,FOB,2023-06-21,4864
Mars,ZinZity,NRWeekend 6,Accapella,2023,DLTLLY,2023-06-18,51519
Julo,SnakeHeadRhyme,Battle,Accapella,2023,DUDL,2023-06-17,12502
Bronko Banano,Young Kennedy,Proving Grounds Berlin,Accapella,2023,DLTLLY,2023-06-16,9281
Mc Geuner,DeeLah,NRWeekend 6,Accapella,2023,DLTLLY,2023-06-11,32926
LUCKYLILY,CRAZYO,ACAPELLA BATTLE,Accapella,2023,FOB,2023-06-11,4913
FreeKno,LevRudi,Battle,Accapella,2023,DUDL,2023-06-10,10697
Swear Boss,Chaarlz,Bars von Chaarlz,On Beat,2023,DLTLLY,2023-06-09,24672
MC GEUNER,JOSEPH STEINSCHLEUDER,ACAPELLA BATTLE,Accapella,2023,FOB,2023-06-08,29351
Jack Dragon,Duff,NRWeekend 6,Accapella,2023,DLTLLY,2023-06-04,23444
THORA,NICK SHIT,ACAPELLA BATTLE,Accapella,2023,FOB,2023-06-04,2651
XtraHerb,Trunkenbold,Battle,Accapella,2023,DUDL,2023-06-03,8237
MC Janosch,Quasi Infamous,Proving Grounds Berlin,Accapella,2023,DLTLLY,2023-05-31,16315
T-WAY & TOLLSCHOCK & BURST & EZRA & HEINZ87,NATIF (& YAAMANN),5 GEGEN NATIF,Accapella,2023,FOB,2023-05-31,5932
Yarambo,Craze,NRWeekend 6,Accapella,2023,DLTLLY,2023-05-28,85912
Nio,Vesso,Battle,Accapella,2023,DUDL,2023-05-27,6293
Celune,Wenzel Washington,Proving Grounds Berlin,Accapella,2023,DLTLLY,2023-05-26,20778
Joseph Steinschleuder,Requiem,NRWeekend 6,Accapella,2023,DLTLLY,2023-05-21,30752
S-Staticx,Rebellion,Battle,Accapella,2023,DUDL,2023-05-20,5674
DADDA,P-HAZE,ACAPELLA BATTLE,Accapella,2023,FOB,2023-05-19,3855
Valik,Davis,Proving Grounds Berlin,Accapella,2023,DLTLLY,2023-05-19,12438
Neilz,Tobi High,NRWeekend 6,Accapella,2023,DLTLLY,2023-05-14,53794
JANAUND,PESC,ACAPELLA BATTLE,Accapella,2023,FOB,2023-05-12,4927
MOODY,NEOS,ACAPELLA BATTLE,Accapella,2023,FOB,2023-05-07,2804
CLOUDSURFER,CSN GALACTICO,ACAPELLA BATTLE,Accapella,2023,FOB,2023-05-05,2969
DER SERGEANT,M.F.L.,ACAPELLA BATTLE,Accapella,2023,FOB,2023-04-28,5878
MORGANA,STEEL,ON BEAT BATTLE,On Beat,2023,FOB,2023-04-21,15666
PHASENKIND,MC COLOGNE,ON BEAT BATTLE,On Beat,2023,FOB,2023-04-14,13047
Maka,Zeptah,NRWeekend 6,Accapella,2023,DLTLLY,2023-04-09,15534
Niza,Heinz87,Proving Grounds Kontext Wiesbaden,Accapella,2023,DLTLLY,2023-04-02,14910
S-Staticx,Der Sir (JollyJay),Proving Grounds Kontext Wiesbaden,Accapella,2023,DLTLLY,2023-03-31,9199
LUG SERIOUS,BANDAN,ON BEAT BATTLE,On Beat,2023,FOB,2023-03-29,3776
MEIDI,KATO,MAYhem 6 - PROVOKATION 1/6,Accapella,2023,DLTLLY,2023-03-27,21500
Aladin,Oregano,Proving Grounds Wiesbaden,Accapella,2023,DLTLLY,2023-03-26,16230
HEYZEN,TECEY,ON BEAT BATTLE,On Beat,2023,FOB,2023-03-23,2743
Mordrake,Faivel,Proving Grounds Wiesbaden,Accapella,2023,DLTLLY,2023-03-19,13550
PRYME,FINNASTIC,ON BEAT BATTLE,On Beat,2023,FOB,2023-03-17,4326
FINNASTIC,VESSO,ON BEAT BATTLE,On Beat,2023,FOB,2023-03-17,2892
Mighty P,Shizu,Freestyle um 3. Platz,Accapella,2023,DLTLLY,2023-03-17,10382
DADDA,MAT052,ON BEAT BATTLE,On Beat,2023,FOB,2023-03-15,4351
PHASENKIND,MC COLOGNE,ON BEAT BATTLE,On Beat,2023,FOB,2023-03-14,1352
FREEZY & DESPO,ZEPTAH & ORPHXN,ON BEAT BATTLE,On Beat,2023,FOB,2023-03-14,11535
Holu & Freekno,Joseph Steinschleuder & Triple Beat,2on2,Accapella,2023,DLTLLY,2023-03-12,34017
Krom,Shizu,Freestyle Halbfinale 2/2  Kassel,Accapella,2023,DLTLLY,2023-03-10,12680
JOSEPH STEINSCHLEUDER,KAIRUZO,ON BEAT BATTLE,On Beat,2023,FOB,2023-03-05,20617
Kairuzo,Freezy,  Kassel,On Beat,2023,DLTLLY,2023-03-05,14207
Papi Schlauch,Mighty P,Freestyle Halbfinale 1/2  Kassel,Accapella,2023,DLTLLY,2023-03-03,21065
Gerro,Bilal,  Kassel,Accapella,2023,DLTLLY,2023-02-26,20089
Muro,Mighty P,Freestyle Viertelfinale 4/4 Kassel,Accapella,2023,DLTLLY,2023-02-24,13829
Krom,Notyzze,Freestyle Viertelfinale 3/4  Kassel,Accapella,2023,DLTLLY,2023-02-21,24039
MC Geuner,Shizu,Freestyle Viertelfinale 2/4 Kassel,Accapella,2023,DLTLLY,2023-02-17,13303
Craze,Papi Schlauch,Freestyle Viertelfinale 1/4 Kassel,Accapella,2023,DLTLLY,2023-02-14,24461
Vyrus,Bong Teggy,DISSember 6,On Beat,2023,DLTLLY,2023-02-12,85555
Julo,Kid Soldier,DISSember 6,Accapella,2023,DLTLLY,2023-02-05,40031
Kiruma,LevRudi,Battle,Accapella,2022,DUDL,2023-02-04,20844
Neilz,Wolff,DISSember 6,Accapella,2023,DLTLLY,2023-02-02,48576
Kato,Robscure,üèÜ TITLE MATCH üèÜ,Accapella,2023,DLTLLY,2023-01-29,61126
MC Rabiat,Morgana,Battle,Accapella,2022,DUDL,2023-01-28,5820
Hiding John,MC Geuner,DISSember 6,Accapella,2023,DLTLLY,2023-01-22,47535
Jindo109,Quasi,Battle,Accapella,2022,DUDL,2023-01-21,42465
Karanova,BanDan,DISSember 6,On Beat,2023,DLTLLY,2023-01-15,20847
Jeystone,Vorstadtflokati,Battle,Accapella,2022,DUDL,2023-01-14,6376
Mars B.,JollyJay,Kassel,Accapella,2023,DLTLLY,2023-01-08,91793
Flashus Christus,Schlawin0r,Battle,Accapella,2022,DUDL,2023-01-07,6605
CRAZE,MURO (FINALE),FREESTYLE BATTLE,Accapella,2023,FOB,2023-01-02,6085
YAAMANN,TOMMY2LATE (BATTLE UM PLATZ 3),FREESTYLE BATTLE,Accapella,2023,FOB,2023-01-02,2799
T-Way,Neilz,Kassel,Accapella,2023,DLTLLY,2023-01-01,42255
Duff,B-Dad,Kassel,Accapella,2022,DLTLLY,2022-12-25,24700
Pulsar,Shaolum,Kassel,Accapella,2022,DLTLLY,2022-12-11,18139
T-WAY,KOOZY,ON BEAT BATTLE,On Beat,2022,FOB,2022-12-09,9055
Papi Schlauch,Craze,  Stellwerk Hamburg,Accapella,2022,DLTLLY,2022-12-04,72728
TEACH,VESSO,FREESTYLE BATTLE,Accapella,2022,FOB,2022-12-04,2269
ZEPTAH,NOAH263,FREESTYLE BATTLE,Accapella,2022,FOB,2022-12-04,2306
Shizu,Niza,Kassel,Accapella,2022,DLTLLY,2022-11-30,22113
MORGANA,DESPO,ACAPELLA BATTLE,Accapella,2022,FOB,2022-11-28,5015
LEONNN,CLOUDSURFER,ACAPELLA BATTLE,Accapella,2022,FOB,2022-11-28,2936
MC COLOGNE,LEOQUENT,ACAPELLA BATTLE,Accapella,2022,FOB,2022-11-28,2632
Jack Dragon,Tollschock,  Stellwerk Hamburg,Accapella,2022,DLTLLY,2022-11-27,17421
Shortworth,Kairuzo,Proving Grounds  Panke Berlin,Accapella,2022,DLTLLY,2022-11-25,10281
DASCHA,NOTYZZE,FREESTYLE BATTLE,Accapella,2022,FOB,2022-11-20,12174
Zeuge,D-Kay,  Stellwerk Hamburg,Accapella,2022,DLTLLY,2022-11-20,18686
Der Sir,Bronko Banano aka Street,Proving Grounds  Panke Berlin,Accapella,2022,DLTLLY,2022-11-18,8305
NOTYZZE,DIZZEPTICON,FREESTYLE BATTLE,Accapella,2022,FOB,2022-11-14,5939
Joseph Steinschleuder,Hiding John,  Stellwerk Hamburg,Accapella,2022,DLTLLY,2022-11-13,39953
Mazzikaner,Requiem,Proving Grounds  Panke Berlin,Accapella,2022,DLTLLY,2022-11-06,15114
KIRUMA,ZEPTAH,ACAPELLA BATTLE,Accapella,2022,FOB,2022-11-04,14676
MC GEUNER,ROLLING G,ACAPELLA BATTLE,Accapella,2022,FOB,2022-11-03,35291
Krom,Fate,Freestyle Halbfinale 2/2,Accapella,2022,DLTLLY,2022-10-23,15960
Hiding John,Lyrico,Berlin 9th Birthday,Accapella,2022,DLTLLY,2022-10-16,68907
Kato,Craze,Freestyle Viertelfinale 4/4,Accapella,2022,DLTLLY,2022-10-14,16979
CRAZE & PHILLIE.45,VYRUS & FREEZY,ON BEAT BATTLE,On Beat,2022,FOB,2022-10-14,63887
HOLU,MC RABIAT,ACAPELLA BATTLE,Accapella,2022,FOB,2022-10-14,2207
HEINZ87,OREGANO,ACAPELLA BATTLE,Accapella,2022,FOB,2022-10-14,7272
Aytee,Galv,Berlin 9th Birthday,On Beat,2022,DLTLLY,2022-10-09,40374
Fate,Davie Jones,Freestyle Viertelfinale 3/4,Accapella,2022,DLTLLY,2022-10-07,16157
Tobi High,Wolff,Berlin 9th Birthday,Accapella,2022,DLTLLY,2022-10-03,57150
Notyzze,Shizu,Freestyle Viertelfinale 2/4,Accapella,2022,DLTLLY,2022-10-02,18516
Julo,Joseph Steinschleuder,Battle,Accapella,2022,DUDL,2022-10-01,34173
Krom,Mighty P,Freestyle Viertelfinale 1/4,Accapella,2022,DLTLLY,2022-09-30,16273
T-WAY,FREEKNO,ACAPELLA BATTLE,Accapella,2022,FOB,2022-09-28,4185
TOLLSCHOCK,PESC,ACAPELLA BATTLE,Accapella,2022,FOB,2022-09-27,5555
JOSEPH STEINSCHLEUDER,FAIVEL,ACAPELLA BATTLE,Accapella,2022,FOB,2022-09-27,19882
Morgana,Kiruma,Battle,Accapella,2022,DUDL,2022-09-24,16988
MC Rabiat,Pulsar,Battle,Accapella,2022,DUDL,2022-09-17,5918
VYRUS,ZEPTAH,ON BEAT BATTLE,On Beat,2022,FOB,2022-09-14,41880
Bong Teggy,Davie Jones, Splash! Festival,On Beat,2022,DLTLLY,2022-09-11,130526
DEZ,LevRudi,Battle,Accapella,2022,DUDL,2022-09-10,8408
Karanova,Aytee, Splash! Festival,On Beat,2022,DLTLLY,2022-09-04,47586
Trunkenbold,Flashus Christus,Battle,Accapella,2022,DUDL,2022-09-03,7086
MORGANA,LUG SERIOUS,ON BEAT BATTLE,On Beat,2022,FOB,2022-09-02,14261
FROZEN,FREEZY,ON BEAT BATTLE,On Beat,2022,FOB,2022-08-30,3646
PHILLIE.45,BANDAN,ON BEAT BATTLE,On Beat,2022,FOB,2022-08-30,6109
PHASENKIND,LUG SERIOUS,ON BEAT BATTLE,On Beat,2022,FOB,2022-08-30,8669
Khacoby,DirtySanchez, Splash! Festival,On Beat,2022,DLTLLY,2022-08-28,28588
Jeystone,Jesazz K,Battle,Accapella,2022,DUDL,2022-08-27,8058
BURST,KAIRUZO,ON BEAT BATTLE,On Beat,2022,FOB,2022-08-26,1860
REQUIEM,HEYZEN,ON BEAT BATTLE,On Beat,2022,FOB,2022-08-25,6391
T-Way,Tobi High, Splash! Festival,On Beat,2022,DLTLLY,2022-08-21,21364
SnakeHeadRhyme,D-Kay,Battle,Accapella,2022,DUDL,2022-08-20,10582
VYRUS,JOLLE (BATTLE UM PLATZ 3),FREESTYLE BATTLE,Accapella,2022,FOB,2022-08-18,4384
NOTYZZE,CRAZE  (BONUS BATTLE),FREESTYLE BATTLE,Accapella,2022,FOB,2022-08-18,10727
CRAZE,PATO G (FINALE),FREESTYLE BATTLE,Accapella,2022,FOB,2022-08-18,5405
Vorstadtflokati,Latik,Battle,Accapella,2022,DUDL,2022-08-13,6234
STEEL,MC COLOGNE,ON BEAT BATTLE,On Beat,2022,FOB,2022-08-12,15127
Holu,Mazzikaner,Battle,Accapella,2022,DUDL,2022-08-06,5575
Julo,Cashus K.,Battle,Accapella,2022,DUDL,2022-07-30,8395
Alko,Bilal,Battle,Accapella,2022,DUDL,2022-07-23,10339
Shizu,Tao,Backstage M√ºnchen,Accapella,2022,DLTLLY,2022-07-17,23793
LevRudi,Jesazz K,Battle,Accapella,2022,DUDL,2022-07-16,10951
DOCMO,BEZEY,FREESTYLE BATTLE,Accapella,2022,FOB,2022-07-14,1097
BARETTA,OREGANO,ACAPELLA BATTLE,Accapella,2022,FOB,2022-07-14,4419
KOOZY,KAIRUZO,ON BEAT BATTLE,On Beat,2022,FOB,2022-07-14,11747
NOTYZZE,PHASENKIND,FREESTYLE BATTLE,Accapella,2022,FOB,2022-07-14,5543
NOTYZZE,YAAMANN,FREESTYLE BATTLE,Accapella,2022,FOB,2022-07-14,7100
KALP ONE,FREEKNO,ACAPELLA BATTLE,Accapella,2022,FOB,2022-07-14,3441
Mars B.,Neilz,Backstage M√ºnchen,Accapella,2022,DLTLLY,2022-07-10,81894
MIKESH,SSYNIC,MAYhem #5,Accapella,2022,DLTLLY,2022-07-10,367350
Hiding John,Neilz,Battle,Accapella,2022,DUDL,2022-07-09,56232
Robscure,Falki,MAYhem 5 Festsaal Kreuzberg,Accapella,2022,DLTLLY,2022-07-03,53983
McLuvin,GR8,Battle,Accapella,2022,DUDL,2022-07-02,9262
ROBEAZY,M.F.L.,ACAPELLA BATTLE,Accapella,2022,FOB,2022-06-30,1872
Tobi High,Aytee,MAYhem 5 Festsaal Kreuzberg,Accapella,2022,DLTLLY,2022-06-26,60391
B√©la Garbage,Franz Flaute,Battle,Accapella,2022,DUDL,2022-06-25,9519
DASCHA,PATO G,FREESTYLE BATTLE,Accapella,2022,FOB,2022-06-24,2334
PESC,LEOQUENT,ACAPELLA BATTLE,Accapella,2022,FOB,2022-06-21,1718
MORGANA,TECEY,ACAPELLA BATTLE,Accapella,2022,FOB,2022-06-20,3377
Pablo2k,Jeystone,Battle,Accapella,2022,DUDL,2022-06-18,8456
OREGANO,FAIVEL,ACAPELLA BATTLE,Accapella,2022,FOB,2022-06-17,5486
SnakeHeadRhyme,Kid Soldier,MAYhem 5,Accapella,2022,DLTLLY,2022-06-12,47559
ZinZity,Karanova,Battle,Accapella,2022,DUDL,2022-06-11,47769
LATIK,NIKA,ACAPELLA BATTLE,Accapella,2022,FOB,2022-06-04,2597
Django,Zeuge,Battle,Accapella,2022,DUDL,2022-06-04,12181
NICK SHIT,EZRA,ACAPELLA BATTLE,Accapella,2022,FOB,2022-05-31,1434
Kiruma,BunGee,Battle,Accapella,2022,DUDL,2022-05-28,15855
ALKO,EMBA,ON BEAT BATTLE,On Beat,2022,FOB,2022-05-24,4330
Bong Teggy & Papi Schlauch,Cris Kotzen & Ano-nym,2on2  Dissember5 Berlin,Accapella,2022,DLTLLY,2022-05-15,111290
Deytona,Maka,Spektakulum D√ºsseldorf,Accapella,2022,DLTLLY,2022-05-08,18536
Bilal,RNGD,Bonus Battle DISSember 5 Berlin,Accapella,2022,DLTLLY,2022-05-06,13047
Hiding John,Julo,Spektakulum D√ºsseldorf,Accapella,2022,DLTLLY,2022-05-06,42181
Davie Jones,Khacoby,DISSember 5 Berlin,Accapella,2022,DLTLLY,2022-05-01,54487
LITTLE SEDO,MALIK (NEWCOMER BATTLE),ACAPELLA BATTLE,Accapella,2022,FOB,2022-04-28,1980
Hiding John,Karanova,DISSember 5 Berlin,Accapella,2022,DLTLLY,2022-04-24,40497
OREGANO,BUNNEE (NEWCOMER BATTLE),ACAPELLA BATTLE,Accapella,2022,FOB,2022-04-22,2844
Niza,Despo,DISSember 5 Berlin,Accapella,2022,DLTLLY,2022-04-17,17501
NICK SHIT,BARETTA (NEWCOMER BATTLE),ACAPELLA BATTLE,Accapella,2022,FOB,2022-04-15,1458
T-Way,DeeLah,DISSember 5 Berlin,Accapella,2022,DLTLLY,2022-04-10,32482
CRAZYO,M.F.L. (NEWCOMER BATTLE),ACAPELLA BATTLE,Accapella,2022,FOB,2022-04-08,1797
PESC,LEOQUENT (NEWCOMER BATTLE),ACAPELLA BATTLE,Accapella,2022,FOB,2022-03-25,1589
FROZEN,EZRA (NEWCOMER BATTLE),ACAPELLA BATTLE,Accapella,2022,FOB,2022-03-24,1616
BURST,A-RON,ON BEAT BATTLE,On Beat,2022,FOB,2022-02-09,2639
FREEZY,DESPO,ON BEAT BATTLE,On Beat,2022,FOB,2022-02-04,5688
ZEPTAH,PHILLIE.45,ON BEAT BATTLE,On Beat,2022,FOB,2022-02-04,5229
KAIRUZO,FROZEN,ON BEAT BATTLE,On Beat,2022,FOB,2022-02-02,3567
BANDAN,T-WAY,ON BEAT BATTLE,On Beat,2022,FOB,2022-01-31,4365
LATIK,TEACH,ACAPELLA BATTLE,Accapella,2022,FOB,2022-01-30,4631
TOLLSCHOCK,BURST,ACAPELLA BATTLE,Accapella,2022,FOB,2022-01-27,6159
Joseph Steinschleuder,Tobi High,Battle,Accapella,2021,DUDL,2022-01-08,53203
T-Way,Karanova,Battle,Accapella,2021,DUDL,2022-01-01,24648
Khacoby,DeeLah,NRWeekend 5,Accapella,2021,DLTLLY,2021-12-26,44844
Lug Serious,Zeuge,Battle,Accapella,2021,DUDL,2021-12-25,11492
Maka,Heinz87,NRWeekend 5,Accapella,2021,DLTLLY,2021-12-24,15929
MADAME CHAOT,REQUIEM,ACAPELLA BATTLE,Accapella,2021,FOB,2021-12-23,17923
Craze,ZinZity,NRWeekend 5,Accapella,2021,DLTLLY,2021-12-19,122199
Mc Geuner,Phasenkind,NRWeekend 5,Accapella,2021,DLTLLY,2021-12-19,32832
Herr S√∂ren,Holu,Battle,Accapella,2021,DUDL,2021-12-18,8947
Hiding John,Mars B.,NRWeekend 5,Accapella,2021,DLTLLY,2021-12-12,105376
Joe Pharo,Kid Soldier,Battle,Accapella,2021,DUDL,2021-12-11,34855
Atropatrap,Natif,NRWeekend 5,Accapella,2021,DLTLLY,2021-12-10,40907
Niza,Devasberg,NRWeekend 5,Accapella,2021,DLTLLY,2021-12-05,17368
Wolff,MC Geuner,Battle,Accapella,2021,DUDL,2021-12-04,27212
Dizzepticon,Koozy,NRWeekend 5,On Beat,2021,DLTLLY,2021-11-28,19851
Phasenkind,SnakeHeadRhyme,Battle,Accapella,2021,DUDL,2021-11-27,15187
Julo,Gerro,NRWeekend 5,Accapella,2021,DLTLLY,2021-11-21,27734
Latik,Julo,Battle,Accapella,2021,DUDL,2021-11-20,6436
DEMUTRAS,REQUIEM,ACAPELLA BATTLE,Accapella,2021,FOB,2021-11-18,3016
EKHEAD,PESC,ACAPELLA BATTLE,Accapella,2021,FOB,2021-11-18,3534
Davie Jones,Shizu,Viertelfinale - Freestyle Turnier,Accapella,2021,DLTLLY,2021-11-12,18727
Requiem,Malik,Battle,Accapella,2021,DUDL,2021-11-12,8053
Mighty P,Papi Schlauch / Viertelfinale - Freestyle Turnier / ProvingGrounds 2 Rapbattles / DLTLLY DurationPT5M Uploaded2021-11-9 Views19380 ChannelDLTLLY,Don't Let The Label Label You! Thumbnail:https:,Accapella,2021,DLTLLY,2021-11-09,19380
Kato,Craze,B-DAY #8,Accapella,2021,DLTLLY,2021-11-07,93831
Schlawin0r,Franciss,Battle,Accapella,2021,DUDL,2021-11-06,6679
Notyzze,Leanders,Viertelfinale - Freestyle Turnier,Accapella,2021,DLTLLY,2021-11-05,20751
Karanova,Mars B.,B-DAY #8,Accapella,2021,DLTLLY,2021-10-31,53245
Aura,Desperados,Proving Grounds #2,Accapella,2021,DLTLLY,2021-10-29,21199
MC Rabiat,P.S. Jiggy,Battle,Accapella,2021,DUDL,2021-10-29,9471
DESPO,MC COLOGNE,ON BEAT BATTLE,On Beat,2021,FOB,2021-10-24,2462
DESPO,DOCMO,ACAPELLA BATTLE,Accapella,2020,FOB,2021-10-24,3162
RALLE,DASCHA,ACAPELLA BATTLE,Accapella,2020,FOB,2021-10-24,3768
MC GEUNER,JULO,ACAPELLA BATTLE,Accapella,2021,FOB,2021-10-24,16271
TRIPLE (TRIPLEBEAT),DASCHA,ACAPELLA BATTLE,Accapella,2021,FOB,2021-10-24,8619
MUSIO,NATIF,ACAPELLA BATTLE,Accapella,2021,FOB,2021-10-24,7520
DESPO & LEANDERS,BANDAN & RINGELNATZ,ACAPELLA BATTLE,Accapella,2021,FOB,2021-10-24,6816
LATIK,TECEY,ACAPELLA BATTLE,Accapella,2021,FOB,2021-10-24,4408
LEANDERS,TEACH,ACAPELLA BATTLE,Accapella,2021,FOB,2021-10-24,5449
Joseph Steinschleuder,A-Ron,B-DAY #8,Accapella,2021,DLTLLY,2021-10-22,29435
Bong Teggy,Koozy,B-Day #8,On Beat,2021,DLTLLY,2021-10-17,140646
Joseph Steinschleuder (aka Merlin),Tobi High,B-DAY #8 Berlin,Accapella,2021,DLTLLY,2021-10-15,36348
Proton,Bandan,M√ºnchen,On Beat,2021,DLTLLY,2021-09-24,15485
Tollschock,MC Geuner,Proving Grounds Vol. 1,Accapella,2021,DLTLLY,2021-09-12,27055
Vorstadtflokati,Maka,Proving Grounds Vol. 1,Accapella,2021,DLTLLY,2021-09-05,13584
Julo,BDad,Proving Grounds Vol. 1,Accapella,2021,DLTLLY,2021-08-29,24248
Liser,Niza,Proving Grounds Vol. 1,Accapella,2021,DLTLLY,2021-08-15,37697
Robscure,Hiding John,Summer Vibes 2021,Accapella,2021,DLTLLY,2021-08-08,38944
Kato,Indoor Stan (OnBeat),Summer Vibes 2021,On Beat,2021,DLTLLY,2021-08-01,28597
Phasenkind,Ryko-J,Battle,On Beat,2021,DLTLLY,2021-07-18,27633
Karanova,D-Kay,Summer Vibes,Accapella,2021,DLTLLY,2021-07-11,13634
Mars B.,BX,Hidden Gems 2,Accapella,2021,DLTLLY,2021-07-04,22120
SnakeHeadRhyme,Hiding John,Hidden Gems 2,Accapella,2021,DLTLLY,2021-06-27,32102
Gerro,Tao,Hidden Gems 2,Accapella,2021,DLTLLY,2021-06-13,11808
Phasenkind,Ferry,Hidden Gems 2,Accapella,2021,DLTLLY,2021-06-06,13711
Wolff,Craze,Hidden Gems,Accapella,2021,DLTLLY,2021-05-30,37297
Joseph Steinschleuder,Bahamakarma,Hidden Gems,Accapella,2021,DLTLLY,2021-05-23,29736
Indoor Stan,DeeLah,could not identify event,On Beat,2021,DLTLLY,2021-05-16,19201
Joe Pharo,SnakeHeadRhyme,Hidden Gems,Accapella,2021,DLTLLY,2021-05-02,19688
Neilz,FreeKno,Breakthrough Halbfinale,Accapella,2021,DLTLLY,2021-04-25,18891
Requiem,Deytona,Breakthrough Halbfinale,Accapella,2021,DLTLLY,2021-04-18,11005
Mars B.,MC Geuner,STREET BATTLES 2021,Accapella,2021,DLTLLY,2021-03-28,47662
Henrey,Hiding John,STREET BATTLES 2021,Accapella,2021,DLTLLY,2021-03-14,28858
Karanova,YAMANN,STREET BATTLES 2021,Accapella,2021,DLTLLY,2021-03-07,13486
BONG TEGGY PRESENTS Judged,Unjudged,could not identify event,Accapella,2021,DLTLLY,2021-02-21,29417
Falki,Phasenkind,Video Battle,On Beat,2021,DLTLLY,2021-02-07,31709
Wandelbarz,YAAMANN,Video Battle,On Beat,2021,DLTLLY,2021-02-07,17375
Khacoby,Peat,Video Battle,On Beat,2021,DLTLLY,2021-01-24,65103
DOC,Gerro (aka RenetixX),Video Battle,On Beat,2020,DLTLLY,2020-12-27,10871
OJ Manson,Devasberg,ExtraMatch,Accapella,2020,DLTLLY,2020-12-04,7072
Holu,Kairuzo,ExtraMatch,Accapella,2020,DLTLLY,2020-11-27,9142
Robscure,Sizyphos,B.Day#7,Accapella,2020,DLTLLY,2020-11-08,78014
Kato,N'antinein,B.Day#7,Accapella,2020,DLTLLY,2020-11-01,57437
DeeLah,Mars B.,B.Day#7,Accapella,2020,DLTLLY,2020-10-25,58743
Joe Pharo,Hiding John,B.Day#7,Accapella,2020,DLTLLY,2020-10-18,55646
Karma,Khacoby,B.Day#7,Accapella,2020,DLTLLY,2020-10-11,46602
Joseph Steinschleuder,Indoor Stan,Panke,Accapella,2020,DLTLLY,2020-10-04,47969
Brian Damage,Craze,Panke,Accapella,2020,DLTLLY,2020-09-27,42863
DeeLah,SnakeHeadRhyme,Panke,Accapella,2020,DLTLLY,2020-09-20,27515
Steel,Karanova,Panke,Accapella,2020,DLTLLY,2020-09-13,19410
Bong Teggy,Robscure,Panke,Accapella,2020,DLTLLY,2020-08-16,52918
Vorstadtflokati,Shizu,Panke,Accapella,2020,DLTLLY,2020-08-14,9500
Kid Soldier,Hiding John,Panke,Accapella,2020,DLTLLY,2020-08-09,45125
Falk,Karanova,Virtual  Battle,On Beat,2020,DLTLLY,2020-08-02,21646
Phasenkind,Peat,Virtual  Battle,On Beat,2020,DLTLLY,2020-07-26,30158
Kato,Mr. Whyte,Fussball Battle,Accapella,2020,DLTLLY,2020-07-19,27906
Papi Schlauch,Master Marv,could not identify event,Accapella,2020,DLTLLY,2020-07-03,15151
Khacoby,Notyzze,Corona Battle Package,Accapella,2020,DLTLLY,2020-06-28,27480
Mars B.,BX,Corona Battle Package,Accapella,2020,DLTLLY,2020-06-26,11082
Craze,Burst,English 1 Rounder,Accapella,2020,DLTLLY,2020-06-23,6202
Falk,Ano-nym,OnlineBattle,Accapella,2020,DLTLLY,2020-06-21,51622
Zeptah,Gammel,OnlineBattle,Accapella,2020,DLTLLY,2020-06-14,9321
Sizyphos,Robscure,Online Battle,Accapella,2020,DLTLLY,2020-06-12,17995
Hiding John,A-Ron,Onlie Battle,Accapella,2020,DLTLLY,2020-06-09,12477
Proton,Craze,+ Accapella,On Beat,2020,DLTLLY,2020-06-07,20759
T-Way,Kid Soldier,Online Battle,Accapella,2020,DLTLLY,2020-05-31,14330
Pablo,Jolle,Online Battle,Accapella,2020,DLTLLY,2020-05-31,12758
Phasenkind,Karanova,OnlineBattle,Accapella,2020,DLTLLY,2020-05-24,25555
Proton,Notyzze,NRWeekend4,On Beat,2020,DLTLLY,2020-04-26,150155
Craze' Parts,Merlin,NRWeekend4,Accapella,2020,DLTLLY,2020-04-24,28946
Falk + Khacoby,DNA + Ringelnatz,NRWeekend4,Accapella,2020,DLTLLY,2020-04-19,46994
Ali Smart,Pulsar,D&DL CoEvent,Accapella,2020,DLTLLY,2020-04-12,20822
Silence,Franz Flaute D&DL#0156 (Berlin,-CoEvent,Accapella,2020,DUDL,2020-04-08,9637
DeeLah,Wandelbarz,NRWeekend4,Accapella,2020,DLTLLY,2020-04-05,30176
Davie Jones,Fresh Polakke,Berlin,On Beat,2020,DLTLLY,2020-04-03,120751
MC Rabiat,Jepain D&DL#0158 (Berlin,-CoEvent,Accapella,2020,DUDL,2020-04-01,10304
Alko,Baretta D&DL#0154 (Berlin,-CoEvent,Accapella,2020,DUDL,2020-03-30,12855
Django,Leanders,NRWeekend4,Accapella,2020,DLTLLY,2020-03-29,19435
Mazzikaner,DNA,Berlin,On Beat,2020,DLTLLY,2020-03-27,21225
Corner,Maka D&DL#0155 (Berlin,-CoEvent,Accapella,2020,DUDL,2020-03-25,13241
Kato,Ano-nym,NRWeekend4,Accapella,2020,DLTLLY,2020-03-22,110066
Phasenkind,Steel,Berlin,On Beat,2020,DLTLLY,2020-03-20,61497
DOC,Vorstadtflokati,NRWeekend4,Accapella,2020,DLTLLY,2020-03-18,21734
Tollschock,Kid Soldier,NRWeekend4,Accapella,2020,DLTLLY,2020-03-17,61686
Fate,Sizyphos,Berlin,On Beat,2020,DLTLLY,2020-03-13,30866
Natif,Ryko-J,NRWeekend4,Accapella,2020,DLTLLY,2020-03-11,45252
RenetiXX,A-Ron,NRWeekend4,Accapella,2020,DLTLLY,2020-03-08,28730
Craze,Pablo,Berlin,On Beat,2020,DLTLLY,2020-03-07,74705
Wolff,Mars B.,Kassel,Accapella,2020,DLTLLY,2020-03-01,129014
Jolle,Falk,Berlin,On Beat,2020,DLTLLY,2020-02-28,46764
Hiding John,ZinZity,Kassel,Accapella,2020,DLTLLY,2020-02-23,228944
Papa TR,Karanova,Berlin,On Beat,2020,DLTLLY,2020-02-21,26177
Paleiacci,PrettyShittyJiggy,Kassel,Accapella,2020,DLTLLY,2020-02-09,28534
Yarambo,Robscure,DISSember4,Accapella,2019,DLTLLY,2020-02-02,119885
Cris Kotzen,Merlin,DISSember4,Accapella,2019,DLTLLY,2020-01-26,91401
Ano-nym,Davie Jones,DISSember4,Accapella,2019,DLTLLY,2020-01-19,75724
DLTLLY+D&DL  Steel,Tollschock,Finale DISSember4,Accapella,2019,DLTLLY,2020-01-12,31484
Steel,Tollschock,Finale DISSember4,Accapella,2019,DLTLLY,2020-01-12,31484
Falk + Khacoby,Sizyphos + Joseph Steinschleuder,DltllyBattle DISSember4,Accapella,2019,DLTLLY,2020-01-05,123584
Ryko-J,T-Way,Krefeld,Accapella,2019,DLTLLY,2020-01-03,30329
Julo,Django D&DL#0153 (Krefeld,-CoEvent,Accapella,2019,DUDL,2020-01-01,8849
Stepho,Sejo D&DL#0149 (Krefeld,-CoEvent,Accapella,2019,DUDL,2019-12-30,4421
Joseph Steinschleuder,Craze,K√∂ln,Accapella,2019,DLTLLY,2019-12-29,101341
DeeLah,Zeuge,Krefeld,Accapella,2019,DLTLLY,2019-12-27,41639
SiC68,Lug Serious D&DL#0152 (Krefeld,-CoEvent,Accapella,2019,DUDL,2019-12-25,6091
Trafalgar47,Vorstadtflokati D&DL#0150 (Krefeld,-CoEvent,Accapella,2019,DUDL,2019-12-23,6821
Kid Soldier,Khacoby,K√∂ln,Accapella,2019,DLTLLY,2019-12-20,82197
Ralle,Herr S√∂ren D&DL#0151 (Krefeld,-CoEvent,Accapella,2019,DUDL,2019-12-18,8128
RenetiXX,MC Geuner,K√∂ln,Accapella,2019,DLTLLY,2019-12-15,46069
Milio,Plural D&DL#0148 (Berlin,-CoEvent,Accapella,2019,DUDL,2019-12-11,5444
Cashus K. + Mac Horn,DNA + Ringelnatz,K√∂ln,Accapella,2019,DLTLLY,2019-12-10,31510
A-Ron,Nika,Berlin,Accapella,2019,DLTLLY,2019-12-06,17792
Cartoon,Schlawin0r D&DL#0147 (Berlin,-CoEvent,Accapella,2019,DUDL,2019-12-04,7183
Nick Shit,Morgana D&DL#0146 (Berlin,-CoEvent,Accapella,2019,DUDL,2019-12-02,6718
SnakeHeadRhyme,Karanova,Berlin,Accapella,2019,DLTLLY,2019-12-01,39256
Phasenkind,PrettyShittyJiggy,Ludwigshafen,Accapella,2019,DLTLLY,2019-11-29,23310
Ekta,Frozen D&DL#0143 (Ludwigshafen,MusicGourm√©tz-CoEvent,Accapella,2019,DUDL,2019-11-27,6490
MC Maik,Fate,Frankfurt,Accapella,2019,DLTLLY,2019-11-22,28390
Jepain,Kaliba D&DL#0145 (Ludwigshafen,MusicGourm√©tz-CoEvent,Accapella,2019,DUDL,2019-11-20,6179
XtraHerb,Zheka D&DL#0144 (Ludwigshafen,MusicGourm√©tz-CoEvent,Accapella,2019,DUDL,2019-11-18,9360
Steel,Hiding John,Halbfinale Frankfurt,Accapella,2019,DLTLLY,2019-11-17,51475
Joe Pharo,Ryko-J,Frankfurt,Accapella,2019,DLTLLY,2019-11-08,51177
Friedrich Chilla,Tommen D&DL#0137 (Bremen,Der Norden-CoEvent,Accapella,2019,DUDL,2019-11-01,7213
Ali Smart,Gin Tomek D&DL#0139 (Bremen,Der Norden-CoEvent,Accapella,2019,DUDL,2019-10-30,6177
Alko,Maru D&DL#0140 (Bremen,Der Norden-CoEvent,Accapella,2019,DUDL,2019-10-28,5494
P-Haze,Torb√§ng D&DL#0141 (Bremen,Der Norden-CoEvent,Accapella,2019,DUDL,2019-10-25,5390
BrahMC,Moby Deep D&DL#0138 (Bremen,Der Norden-CoEvent,Accapella,2019,DUDL,2019-10-23,5551
Yarambo,Mikesh,üèÜ TITLE-MATCH üèÜ,Accapella,2019,DLTLLY,2019-10-20,312597
Audienzz,B√©la Garbage D&DL#0136 (Halle,Move &#39;n&#39; Culture Festival-CoEvent,Accapella,2019,DUDL,2019-10-18,4116
Ortcutt,Mazzikaner D&DL#0135 (Halle,Move &#39;n&#39; Culture Festival-CoEvent,Accapella,2019,DUDL,2019-10-16,5923
Brian Damage,Merlin,B.Day#6,Accapella,2019,DLTLLY,2019-10-13,131977
Franz Flaute,Nika D&DL#0134 (Halle,Move &#39;n&#39; Culture Festival-CoEvent,Accapella,2019,DUDL,2019-10-09,8416
Cris Kotzen,Robscure,B.Day#6,Accapella,2019,DLTLLY,2019-10-06,87275
Doga,Malik D&DL#0133 (Halle,Move &#39;n&#39; Culture Festival-CoEvent,Accapella,2019,DUDL,2019-10-02,5280
Henrey,Craze,B.Day#6,Accapella,2019,DLTLLY,2019-09-29,75171
Pulsar,Shker D&DL#0132 (Halle,Move &#39;n&#39; Culture Festival-CoEvent,Accapella,2019,DUDL,2019-09-25,6796
DNA + Ringelnatz,Fesas + Krom,Berlin,Accapella,2019,DLTLLY,2019-09-22,41483
Lucky Number,Ortcutt,Berlin,Accapella,2019,DLTLLY,2019-09-20,16460
ZinZity,Mazzikaner,Runde2 Berlin,Accapella,2019,DLTLLY,2019-09-15,80715
Ano-nym,Aytee,Splash22,On Beat,2019,DLTLLY,2019-09-13,259657
Steel,Driss,Runde2 Berlin,Accapella,2019,DLTLLY,2019-09-08,19987
Mavgic,Davie Jones,Splash22,On Beat,2019,DLTLLY,2019-09-06,226101
SnakeHeadRhyme,Lug Serious,HIPinside Berlin,Accapella,2019,DLTLLY,2019-09-04,23999
Hiding John,Phasenkind,Runde2 Berlin,Accapella,2019,DLTLLY,2019-09-01,49186
Cris Kotzen,Pablo,Splash22,On Beat,2019,DLTLLY,2019-08-30,92974
Silence,K.O. Ray,HIPinside Berlin,Accapella,2019,DLTLLY,2019-08-28,16081
Tollschock,Paleiacci,Runde2 Berlin,Accapella,2019,DLTLLY,2019-08-25,19504
Kato,Rino Mandingo,Splash22,On Beat,2019,DLTLLY,2019-08-23,72887
Yarambo,Cris Kotzen,Hamburg,Accapella,2019,DLTLLY,2019-08-17,245936
Ano-nym,Joe Pharo,Hamburg,On Beat,2019,DLTLLY,2019-08-16,42286
Mars B.,Tobi High,Hamburg,Accapella,2019,DLTLLY,2019-08-11,257770
Nikiz,Fabiga,Hamburg,On Beat,2019,DLTLLY,2019-08-09,29993
Merlin,Khacoby,Hamburg,Accapella,2019,DLTLLY,2019-08-04,124992
Aris,Julo,Hamburg,Accapella,2019,DLTLLY,2019-08-02,24256
Mighty Mo,Hansen,EOW-Tour,Accapella,2014,DLTLLY,2019-07-29,176400
Joseph Steinschleuder,Falk,Hamburg,Accapella,2019,DLTLLY,2019-07-26,115723
Cashus K + Mac Horn,MC Geuner + Natif,Hamburg,Accapella,2019,DLTLLY,2019-07-25,40233
RenetiXX,Shizu,Hamburg,Accapella,2019,DLTLLY,2019-07-21,33526
DXXDSTXCK,TableddnTimmy,Hamburg,Accapella,2019,DLTLLY,2019-07-20,49097
Bong Teggy,Mikesh,MAYhem #4,Accapella,2019,DLTLLY,2019-07-09,597935
DLTLLY+D&DL  Ortcutt,Steel,Runde1 Berlin,Accapella,2019,DUDL,2019-07-05,15830
JerMC,Robscure,MAYhem4,Accapella,2019,DLTLLY,2019-07-04,67254
DLTLLY+D&DL  Phasenkind,Kl√∂10,Runde1 Berlin,Accapella,2019,DUDL,2019-07-03,17434
Sizyphos,Davie Jones,MAYhem4,Accapella,2019,DLTLLY,2019-06-29,145569
DLTLLY+D&DL  Arbeitstitel,Hiding John,Runde1 Berlin,Accapella,2019,DUDL,2019-06-26,24629
Fate,Craze,MAYhem4,Accapella,2019,DLTLLY,2019-06-23,44291
DLTLLY+D&DL  Tollschock,Silence,Runde1 Berlin,Accapella,2019,DUDL,2019-06-21,16498
DLTLLY+D&DL  Mazzikaner,K.O. Ray,Runde1 Berlin,Accapella,2019,DUDL,2019-06-19,14601
Yarambo + Kato,Wolff + Joe Pharo,NRWeekend3,Accapella,2019,DLTLLY,2019-06-16,127163
DLTLLY+D&DL  Lucky Number,ZinZity,Runde1 Berlin,Accapella,2019,DUDL,2019-06-14,91163
DLTLLY+D&DL  Paleiacci,Sikk Whalee,Runde1 Berlin,Accapella,2019,DUDL,2019-06-12,15108
Duff,Lyrico,NRWeekend3,Accapella,2019,DLTLLY,2019-06-08,136485
N'antinein,Joseph Steinschleuder,NRWeekend3,Accapella,2019,DLTLLY,2019-06-02,76323
Ryko-J,Highdemann,NRWeekend3,Accapella,2019,DLTLLY,2019-05-31,47808
Indoor Stan,Kid Soldier,NRWeekend3,Accapella,2019,DLTLLY,2019-05-26,74415
Alice,Karma,NRWeekend3,Accapella,2019,DLTLLY,2019-05-19,74898
MC Geuner,Mave,NRWeekend3,Accapella,2019,DLTLLY,2019-05-17,54529
Pablo,Khacoby,NRWeekend3,Accapella,2019,DLTLLY,2019-05-12,49028
Proton,Vinci,NRWeekend3,Accapella,2019,DLTLLY,2019-05-05,49830
T-Jey,Papa TR,NRWeekend3,Accapella,2019,DLTLLY,2019-05-03,23348
T-Way + Burst,Cashus K + Mac Horn,NRWeekend3,Accapella,2019,DLTLLY,2019-04-28,33250
Herr Kuchen,Tao,Wiesbaden,Accapella,2019,DLTLLY,2019-04-21,88403
Julo,PrettyShittyJiggy,Wiesbaden,Accapella,2019,DLTLLY,2019-04-14,17339
Nais,Ano-nym,Tapefabrik,On Beat,2019,DLTLLY,2019-04-12,73767
Shortworth,Craze,Wiesbaden,Accapella,2019,DLTLLY,2019-04-07,36578
Vyrus,Pablo,Tapefabrik,On Beat,2019,DLTLLY,2019-04-05,72065
A-Ron,Mr. Whyte,Wiesbaden,Accapella,2019,DLTLLY,2019-03-31,20018
Robscure,VT,Kassel,Accapella,2019,DLTLLY,2019-03-24,50760
Aris,Fate,Kassel,Accapella,2019,DLTLLY,2019-03-17,24684
Papi Schlauch,Joe Pharo,Kassel,Accapella,2019,DLTLLY,2019-03-10,96316
Mars B.,Joseph Steinschleuder,Kassel,Accapella,2019,DLTLLY,2019-03-03,95065
Julo,Senad,CoEvent4,Accapella,2019,DLTLLY,2019-03-01,15907
B√©la Garbage,Eddie Tude D&DL#0131 (Berlin,-CoEvent,Accapella,2019,DUDL,2019-02-27,7412
Kid Soldier,Karma,Kassel,Accapella,2019,DLTLLY,2019-02-24,53549
Lug Serious,Audienzz,CoEvent4,Accapella,2019,DLTLLY,2019-02-22,11330
OstrichO,MC Rabiat D&DL#0130 (Berlin,-CoEvent,Accapella,2019,DUDL,2019-02-20,6415
Django,Craze,CoEvent4,Accapella,2019,DLTLLY,2019-02-17,23407
SnakeHeadRhyme,Shizu,CoEvent4,Accapella,2019,DLTLLY,2019-02-10,23188
Robscure,Mikesh,DISSember #3,Accapella,2019,DLTLLY,2019-02-03,338764
Onkel Oktomusch + Die Zwetschke,Cris Kotzen + Ano-nym,DISSember #3,Accapella,2019,DLTLLY,2019-01-27,343112
Yarambo,Nedal Nib,üèÜ TITLE-MATCH üèÜ,Accapella,2019,DLTLLY,2019-01-18,415377
Brian Damage,Wolff,DISSember #3,Accapella,2019,DLTLLY,2019-01-13,407073
JollyJay,Buddi,Dortmund,Accapella,2018,DLTLLY,2018-12-30,69965
Akanoo,MC Geuner,Dortmund,Accapella,2018,DLTLLY,2018-12-28,30201
Craze,Lug Serious,Dortmund,Accapella,2018,DLTLLY,2018-12-26,18076
Joseph Steinschleuder,Vinci,Dortmund,Accapella,2018,DLTLLY,2018-12-23,118296
Mr. Whyte,Bruda Tuck,Dortmund,Accapella,2018,DLTLLY,2018-12-23,10858
Django,Ryko-J,Dortmund,Accapella,2018,DLTLLY,2018-12-21,22148
T-Way,N'antinein,Dortmund,Accapella,2018,DLTLLY,2018-12-16,30023
Wandelbarz,Tao,Dortmund,Accapella,2018,DLTLLY,2018-12-14,20053
Henker,Highdemann,Dortmund,Accapella,2018,DLTLLY,2018-12-12,21012
Lyrico,Henrey,Dortmund,Accapella,2018,DLTLLY,2018-12-09,49277
Olio,Indoor Stan,Leipzig,On Beat,2018,DLTLLY,2018-12-07,18820
A-Ron,Chinooka,Dortmund,Accapella,2018,DLTLLY,2018-12-05,12247
Cris Kotzen,Mighty Mo,M√ºnchen BDAY # 5,Accapella,2018,DLTLLY,2018-12-02,386647
SnakeHeadRhyme,RenetiXX,Leipzig,Accapella,2018,DLTLLY,2018-11-30,22015
Leonidas,Zeuge,Dortmund,Accapella,2018,DLTLLY,2018-11-28,16986
Yarambo,Bong Teggy,B.Day#5,Accapella,2018,DLTLLY,2018-11-25,236983
Der Stockinger,Skilla199,Leipzig,On Beat,2018,DLTLLY,2018-11-23,28643
Pilz,Davie Jones,B.Day#5,Accapella,2018,DLTLLY,2018-11-18,161085
Ringelnatz + DNA,Verz + Andi B. D&DL#0125 (Halle,Move &#39;n&#39; Culture Festival-CoEvent,Accapella,2018,DUDL,2018-11-14,9783
Kid Soldier,DXXDSTXCK,Leipzig,Accapella,2018,DLTLLY,2018-11-12,53722
Ano-nym,Pueblo Escobar,Leipzig,On Beat,2018,DLTLLY,2018-11-09,75613
Mikesh,Papi Schlauch,BDay #5,Accapella,2018,DLTLLY,2018-11-04,277601
Plural,T-Jey,Leipzig,Accapella,2018,DLTLLY,2018-11-02,16595
Gregg,Audienzz D&DL#0126 (Halle,Move &#39;n&#39; Culture Festival-CoEvent,Accapella,2018,DUDL,2018-10-31,3578
Robscure,Vyrus,B.Day#5,Accapella,2018,DLTLLY,2018-10-28,89939
Mave,Kato,Freestyle- HipHopKemp,Accapella,2018,DLTLLY,2018-10-26,27197
Josen,Dexta D&DL#0123 (Halle,Move &#39;n&#39; Culture Festival-CoEvent,Accapella,2018,DUDL,2018-10-24,3037
Kato,Mars B.,FFM,Accapella,2018,DLTLLY,2018-10-21,185179
Fabelouis,RenetiXX,FFM,Accapella,2018,DLTLLY,2018-10-19,18516
Virus,IZL D&DL#0128 (Halle,Move &#39;n&#39; Culture Festival-CoEvent,Accapella,2018,DUDL,2018-10-18,3040
Ano-nym,Wolff,NextGeneration Finale FFM,Accapella,2018,DLTLLY,2018-10-14,138417
Pueblo Escobar,Mave,HipHopKemp,On Beat,2018,DLTLLY,2018-10-12,15342
SnakeHeadRhyme,Chinooka D&DL#0129 (Halle,Move &#39;n&#39; Culture Festival-CoEvent,Accapella,2018,DUDL,2018-10-10,5882
Joe Pharo,Joseph Steinschleuder,FFM,Accapella,2018,DLTLLY,2018-10-07,61416
Cashus K,Barracuda,FFM,Accapella,2018,DLTLLY,2018-10-05,20046
B√©la Garbage,Lug Serious D&DL#0124 (Halle,Move &#39;n&#39; Culture Festival-CoEvent,Accapella,2018,DUDL,2018-10-03,5015
Brian Damage + Karma,Lyrico + Bauda,HipHopKemp,On Beat,2018,DLTLLY,2018-09-28,55303
Tao,Shortworth,FFM,Accapella,2018,DLTLLY,2018-09-23,19691
Pretty Shitty Jiggy,Zeuge D&DL#0122 (Berlin,-CoEvent,Accapella,2018,DUDL,2018-09-21,5591
DXXDSTXCK,Bruda Tuck,NewcomerBattle  D&DL-Co-Event3,Accapella,2018,DLTLLY,2018-09-16,21787
Nedal Nib,CLEP,Studio Version + Extra 4. Runde,Accapella,2018,DLTLLY,2018-09-15,103582
Farmer,Splopf,NewcomerBattle  D&DL-Co-Event3,Accapella,2018,DLTLLY,2018-09-14,9749
Craze,Eddie Tude D&DL#0121 (Berlin,-CoEvent,Accapella,2018,DUDL,2018-09-12,8292
MC Rabiat,Private Max D&DL#0120 (Berlin,-CoEvent,Accapella,2018,DUDL,2018-09-05,4559
Tecey,Kid Soldier,NewcomerBattle  D&DL-Co-Event3,Accapella,2018,DLTLLY,2018-09-02,24846
A-Ron,Shizu,NewcomerBattle  D&DL-Co-Event3,Accapella,2018,DLTLLY,2018-08-31,13089
Clep,Nedal Nib,Splash21,On Beat,2018,DLTLLY,2018-08-26,105049
Yarambo,Clep,REMATCH!,Accapella,2018,DLTLLY,2018-08-19,219877
N'antinein,Bong Teggy,Splash21,On Beat,2018,DLTLLY,2018-08-11,56117
Robscure + Karma,Wolff + Joe Pharo,Hamburg,Accapella,2018,DLTLLY,2018-08-05,65154
J.W. Goethe,DFVK D&DL#0119 (Hamburg,2018,Accapella,2018,DUDL,2018-08-01,4680
MC Geuner,Vinci,Hamburg,Accapella,2018,DLTLLY,2018-07-29,44027
RenetiXX,Karanova,Hamburg,Accapella,2018,DLTLLY,2018-07-27,20802
Indoor Stan,Mikesh,Hamburg,Accapella,2018,DLTLLY,2018-07-22,100416
Josen,Kid Soldier D&DL#0118 (Hamburg,2018,Accapella,2018,DUDL,2018-07-18,11716
Cashus K,Aris,Hamburg,Accapella,2018,DLTLLY,2018-07-15,18235
VT,Bong Teggy,MAYhem3,Accapella,2018,DLTLLY,2018-07-08,117420
Tao,A-Ron D&DL#0117 (Berlin,-CoEvent,Accapella,2018,DUDL,2018-07-04,6256
Davie Jones,Karma,MAYhem3,Accapella,2018,DLTLLY,2018-07-01,32905
O&#39;spella,Rupert69 D&DL#0115 (Berlin,-CoEvent,Accapella,2018,DUDL,2018-06-30,4023
LBB,Ssynic,Kato vs Brian Damage,Accapella,2018,DLTLLY,2018-06-24,160241
Highdemann,Julo D&DL#0113 (Essen,2018,Accapella,2018,DUDL,2018-06-13,7823
Sizyphos,Henrey,MAYhem3,Accapella,2018,DLTLLY,2018-06-10,56532
Henker,SeBa D&DL#0112 (Essen,2018,Accapella,2018,DUDL,2018-06-06,5927
Merlin,BX,Stuttgart,Accapella,2018,DLTLLY,2018-06-03,31048
MC Lauch,Herr S√∂ren D&DL#0114 (Essen,2018,Accapella,2018,DUDL,2018-06-02,8201
Pueblo Escobar + Morizz Fizzl,Schalle + Alcantara,Stuttgart,On Beat,2018,DLTLLY,2018-06-01,24886
Paze,Zeuge D&DL#0111 (Essen,2018,Accapella,2018,DUDL,2018-05-30,5073
Mikesh,Akanoo,Stuttgart,Accapella,2018,DLTLLY,2018-05-27,87894
Bdad,Nikiz,Stuttgart,On Beat,2018,DLTLLY,2018-05-25,31263
Vyrus,Mavgic,NRWeekend #2,On Beat,2018,DLTLLY,2018-05-20,417924
Fabelouis,Farmer,Stuttgart,Accapella,2018,DLTLLY,2018-05-18,21412
Malik N.,Hillston D&DL#0108 (Berlin,2018,Accapella,2018,DUDL,2018-05-16,3440
Proton,Robscure,NRWeekend2,Accapella,2018,DLTLLY,2018-05-13,47199
Change,Tommy2Late,Stuttgart,On Beat,2018,DLTLLY,2018-05-13,22700
Kyu,Tommen D&DL#0110 (Berlin,2018,Accapella,2018,DUDL,2018-05-12,3998
Kato,Mave,NRWeekend2,Accapella,2018,DLTLLY,2018-05-06,80275
Dyas,SnakeHeadRhyme D&DL#0109 (Berlin,2018,Accapella,2018,DUDL,2018-05-05,6038
Buddi,VT,NRWeekend2,On Beat,2018,DLTLLY,2018-05-04,24375
Gusy,Micky Haze D&DL#0107 (Stuttgart,2018,Accapella,2018,DUDL,2018-05-02,4629
Yarambo,Davie Jones,NRWeekend #2,Accapella,2018,DLTLLY,2018-04-29,312086
FARE,Dizzepticon D&DL#0106 (Stuttgart,2018,Accapella,2018,DUDL,2018-04-28,5485
Tuncmann,Wandelbarz,NRWeekend2,Accapella,2018,DLTLLY,2018-04-27,33165
Slappy,Tao D&DL#0105 (Stuttgart,2018,Accapella,2018,DUDL,2018-04-25,3695
Wolff,NichtDeinTyp,NextGeneration VR 4/4 Stuttgart,Accapella,2018,DLTLLY,2018-04-22,49381
Karanova,OE,NRWeekend2,Accapella,2018,DLTLLY,2018-04-20,17107
A-Ron,PrettyShittyJiggy D&DL#0103 (Stuttgart,2018,Accapella,2018,DUDL,2018-04-18,6340
Ano-Nym,RenetiXX,NextGeneration VR 3/4 NRWeekend2,Accapella,2018,DLTLLY,2018-04-15,65060
Jolle,Joseph Steinschleuder,NextGeneration VR 2/4 NRWeekend2,Accapella,2018,DLTLLY,2018-04-13,71539
Duff,T-Way,NRWeekend2,Accapella,2018,DLTLLY,2018-04-08,25413
Falk,Khacoby,ComplimentBattle NRWeekend2,Accapella,2018,DLTLLY,2018-04-06,96863
Schleswig-Prollstein,Opti + R√∂ D&DL#0101 (Berlin,-CoEvent,Accapella,2018,DUDL,2018-04-04,9052
ViruS + KingPin,Eczo + Heynsch D&DL#0100 (Berlin,-CoEvent,Accapella,2018,DUDL,2018-04-02,8041
Wolff + Joe Pharo,Ilhan + TableddnTimmy,D&DL CoEvent 1,Accapella,2018,DLTLLY,2018-04-01,54657
Wolle der Grobe,Jakzta,NextGeneration VR 1/4 D&DL CoEvent 1,Accapella,2018,DLTLLY,2018-03-30,14427
Galv,Schote,Tapefabrik,On Beat,2018,DLTLLY,2018-03-25,136906
Notyzze,LUX,Tapefabrik,On Beat,2018,DLTLLY,2018-03-21,55334
Davie Jones,Vyrus,Kassel,Accapella,2018,DLTLLY,2018-03-19,114871
VT,Mars B.,Kassel,Accapella,2018,DLTLLY,2018-03-18,65022
Olio,Kato,Kassel,Accapella,2018,DLTLLY,2018-03-03,83399
Bauda,Seby Tone,Kassel,Accapella,2018,DLTLLY,2018-02-25,24555
Krom,Wolff,Kassel,Accapella,2018,DLTLLY,2018-02-18,71489
Schalle,Joe Pharo,Kassel,Accapella,2018,DLTLLY,2018-02-11,29628
JollyJay,Brian Damage,Bilingual Battle DISSember2,Accapella,2017,DLTLLY,2018-02-04,208286
TableddnTimmy,Joseph Steinschleuder D&DL#0099 (Berlin,2017,Accapella,2017,DUDL,2018-01-31,40951
CLEP,Robscure,DISSember2,Accapella,2017,DLTLLY,2018-01-28,134601
DEZ,Noone D&DL#0098 (Berlin,2017,Accapella,2017,DUDL,2018-01-24,4729
Karma,Mars B.,DISSember2,Accapella,2017,DLTLLY,2018-01-21,58308
Splopf,Shizu D&DL#0097 (Berlin,2017,Accapella,2017,DUDL,2018-01-17,4611
T-Way,VT,DISSember2,Accapella,2017,DLTLLY,2018-01-14,28267
Julo,SinTony D&DL#0096 (Berlin,2017,Accapella,2017,DUDL,2018-01-10,5008
Jack Dragon,Hansen,DISSember2,Accapella,2017,DLTLLY,2018-01-07,38293
Louis Beton,H√∂rsturz,Leipzig,Accapella,2017,DLTLLY,2018-01-04,13752
ShaoLum,Joe-L (Sport-Bars),could not identify event,Accapella,2018,SPOX,2018-01-02,34587
Cris Kotzen,Schote,Leipzig,On Beat,2017,DLTLLY,2017-12-31,146853
Wandelbarz,Mikesh,Leipzig,Accapella,2017,DLTLLY,2017-12-24,72532
Sizyphos,Ilhan,Leipzig,Accapella,2017,DLTLLY,2017-12-17,54912
Wolff,IZL D&DL#0095 (Erfurt,2017,Accapella,2017,DUDL,2017-12-16,15756
FU!,Terra Pete,Leipzig,On Beat,2017,DLTLLY,2017-12-14,20937
MC Maik,Akanoo,Leipzig,Accapella,2017,DLTLLY,2017-12-10,18267
Leonidas,MC Geuner D&DL#0093 (Erfurt,2017,Accapella,2017,DUDL,2017-12-09,10015
Jotti (Schalke 04),Mave (Chemnitzer FC),could not identify event,Accapella,2017,SPOX,2017-12-08,69391
Papi Schlauch,JerMC,Wien,Accapella,2017,DLTLLY,2017-12-03,114826
SnakeHeadRhyme,KingPin D&DL#0092 (Erfurt,2017,Accapella,2017,DUDL,2017-12-02,7293
Bong Teggy (Fu√üball),Lyrico (Eishockey),could not identify event,Accapella,2017,SPOX,2017-12-01,141347
DEZ,Eczo D&DL#0094 (Erfurt,2017,Accapella,2017,DUDL,2017-11-29,3852
Noone,Teach D&DL#0090 (Berlin,2017,Accapella,2017,DUDL,2017-11-25,5257
Demo MC,Hopeless MC D&DL#0091 (Berlin,2017,Accapella,2017,DUDL,2017-11-22,2910
DemoLux,Krom,Wien,Accapella,2017,DLTLLY,2017-11-19,23227
Joe Pharo,Part-Tron D&DL#0084 (Hannover,2017,Accapella,2017,DUDL,2017-11-18,8019
Borussia Dortmund,FC Bayern M√ºnchen,could not identify event,Accapella,2017,SPOX,2017-11-18,259454
Sirius Crack,Fate1,Wien,Accapella,2017,DLTLLY,2017-11-16,14920
MC Lauch,Gusy D&DL#0089 (Berlin,2017,Accapella,2017,DUDL,2017-11-15,4050
ADHS-Andy,Shadow D&DL#0082 (Hannover,2017,Accapella,2017,DUDL,2017-11-13,16433
Proton,Tobi Nice,s B.Day#4,On Beat,2017,DLTLLY,2017-11-12,50583
Rupert69,Pueblo Escobar D&DL#0088 (Berlin,2017,Accapella,2017,DUDL,2017-11-11,4663
Ano-nym,Wolle der Grobe D&DL#0086 (Hannover,2017,Accapella,2017,DUDL,2017-11-08,17216
Lyrico,Nedal Nib,2nd TITLE-MATCH B.Day#4,Accapella,2017,DLTLLY,2017-11-05,211557
RenetiXX,Aris D&DL#0085 (Hannover,2017,Accapella,2017,DUDL,2017-11-04,7810
Spike,Akanoo,s Wien,Accapella,2017,DLTLLY,2017-11-02,15276
Splopf,Mango D&DL#0083 ( Hannover,2017,Accapella,2017,DUDL,2017-11-01,3675
Der Zigeunerbaron,Niemand D&DL#0079 (Berlin,2017,Accapella,2017,DUDL,2017-10-30,2795
Unanymous,JollyJay,B.Day#4,Accapella,2017,DLTLLY,2017-10-29,28413
Bubba T,DEZ D&DL#0081 (Berlin,2017,Accapella,2017,DUDL,2017-10-27,5071
MAST,SnakeHeadRhyme D&DL#0078 (Berlin,2017,Accapella,2017,DUDL,2017-10-25,4465
Wandelbarz,Nicht Dein Typ D&DL#0077 (Bonn,2017,Accapella,2017,DUDL,2017-10-21,7914
Merlin,Yarambo,B.Day#4,Accapella,2017,DLTLLY,2017-10-21,195778
Vyrus,Tommy2Late,s B.Day#4,On Beat,2017,DLTLLY,2017-10-20,45225
Shizu,Jozef104 D&DL#0080 (Berlin,2017,Accapella,2017,DUDL,2017-10-18,5142
BX,Ilhan,B.Day #4,Accapella,2017,DLTLLY,2017-10-15,41193
Wolff,Mr. Whyte D&DL#0075 (Bonn,2017,Accapella,2017,DUDL,2017-10-13,22490
VT,Karma,FFM,Accapella,2017,DLTLLY,2017-10-09,35364
Gregpipe,Davie Jones,FFM,Accapella,2017,DLTLLY,2017-10-08,308781
Kato,FlaKiT D&DL#0076 (Bonn,2017,Accapella,2017,DUDL,2017-10-07,42093
Joe Pharo,Herrn S√∂ren D&DL#0072 (Bonn,2017,Accapella,2017,DUDL,2017-10-04,8702
Saking,Akanoo,FFM,Accapella,2017,DLTLLY,2017-10-01,15617
Ralle,Phillie D&DL#0074 (Bonn,2017,Accapella,2017,DUDL,2017-09-30,3186
EkHead,CPE,FFM,Accapella,2017,DLTLLY,2017-09-28,17042
Shortworth,RenetiXX D&DL#0071 (Berlin,2017,Accapella,2017,DUDL,2017-09-23,4560
Part-Tron,Paze D&DL#0069 (Berlin,2017,Accapella,2017,DUDL,2017-09-20,3548
Clep,Bong Teggy,Splash 20,Accapella,2017,DLTLLY,2017-09-17,127982
Eczo,Jozef104 D&DL#0070(Berlin,2017,Accapella,2017,DUDL,2017-09-16,4260
Harry,Adam D&DL#0068 (Mannheim,2017,Accapella,2017,DUDL,2017-09-13,3089
Ars,Wux Brofer D&DL#0065 (Ludwigshafen,2017,Accapella,2017,DUDL,2017-09-11,3998
Brian Damage + Robscure,Yarambo + T-Way,Splash 20,Accapella,2017,DLTLLY,2017-09-10,55832
Lyrico + Buddi,Falk + Khacoby,Splash 20,Accapella,2017,DLTLLY,2017-09-10,64897
MC Maik,N'antinein,Splash 20,Accapella,2017,DLTLLY,2017-09-10,18805
H√∂rsturz,Nicht Dein Typ D&DL#0067 (Ludwigshafen,2017,Accapella,2017,DUDL,2017-09-09,4462
Bubba T,MC Lauch D&DL#0063 (Ludwigshafen,2017,Accapella,2017,DUDL,2017-09-06,4108
Scamp,Paperbite D&DL#0066 (Ludwigshafen,2017,Accapella,2017,DUDL,2017-09-01,3927
Wolff,FlaKiT D&DL#0061 (Berlin,2017,Accapella,2017,DUDL,2017-08-25,14591
Hopeless MC,D.E.Z. D&DL#0062 (Berlin,2017,Accapella,2017,DUDL,2017-08-23,3921
MC Schub,O&#39;Spella D&DL#0059 (Berlin,2017,Accapella,2017,DUDL,2017-08-21,3058
Merlin,Peter Pogen,Hamburg,Accapella,2017,DLTLLY,2017-08-20,45427
Demo MC,Cemo Dafuq D&DL#0060 (Berlin,2017,Accapella,2017,DUDL,2017-08-19,3172
Mave,H√∂rsturz D&DL#0058 (Halle,2017,Accapella,2017,DUDL,2017-08-16,16985
Papi Schlauch,Fabiga,Hamburg,Accapella,2017,DLTLLY,2017-08-13,57833
RenetiXX,Fesas D&DL#0057 (Halle,2017,Accapella,2017,DUDL,2017-08-12,9201
Davie Jones,Schote,Hamburg,On Beat,2017,DLTLLY,2017-08-06,111505
Nedal Nib,JerMc,Mayhem2,Accapella,2017,DLTLLY,2017-07-30,111426
Andy Amnesia,Shortworth D&DL#0053 (Berlin,2017,Accapella,2017,DUDL,2017-07-29,9366
Nikiz,Stockinger,Mayhem2,Accapella,2017,DLTLLY,2017-07-23,22349
Mikesh,Tuncmann,Hamburg,Accapella,2017,DLTLLY,2017-07-20,70183
Johnny Camo,Lang&Sympathisch D&DL#0050 (Neubrandenburg,ReimWerkNord-CoEvent,Accapella,2017,DUDL,2017-07-19,6032
Henrey,Vyrus,Hamburg,Accapella,2017,DLTLLY,2017-07-16,42337
Doktor Dave,Jack Dragon - REMATCH!,could not identify event,Accapella,2017,DLTLLY,2017-07-16,35223
Triple Beat,Mr. Whyte D&DL#0049 (Neubrandenburg,ReimWerkNord-CoEvent,Accapella,2017,DUDL,2017-07-15,6920
Lyrico,Robscure,Mayhem2,Accapella,2017,DLTLLY,2017-07-01,126518
Tableddn Timmy,Hopeless MC D&DL#0048 (Berlin,2017,Accapella,2017,DUDL,2017-07-01,8119
Promme,Rhyme Inspector D&DL#0046 (Berlin,2017,Accapella,2017,DUDL,2017-06-26,2764
N'antinein,Cris Kotzen,Mayhem2,Accapella,2017,DLTLLY,2017-06-25,104056
FlaKiT,ViruS D&DL#0047 (Berlin,2017,Accapella,2017,DUDL,2017-06-24,5670
Porno Pete,Eczo D&DL#0044 (Berlin,2017,Accapella,2017,DUDL,2017-06-21,2770
MC Maik,Sizyphos,Mayhem2,Accapella,2017,DLTLLY,2017-06-18,29526
T-Way,Merlin,M√ºnchen,Accapella,2017,DLTLLY,2017-06-11,105159
WandelBarZ,Ano-nym D&DL#0043 (Dortmund,Kupplyn-CoEvent,Accapella,2017,DUDL,2017-06-10,28264
Mosaik,OE D&DL#0042 (Dortmund,Kupplyn-CoEvent,Accapella,2017,DUDL,2017-06-07,4353
Phillie,BunGee D&DL#0040 (Dortmund,Kupplyn-CoEvent,Accapella,2017,DUDL,2017-06-05,4932
Schote,Jack Dragon,M√ºnchen,Accapella,2017,DLTLLY,2017-06-04,25226
Demo MC,Kato D&DL#0041 (Dortmund,Kupplyn-CoEvent,Accapella,2017,DUDL,2017-06-03,32778
Karma,BDad,M√ºnchen,Accapella,2017,DLTLLY,2017-06-01,24063
RenetiXX,Dryno D&DL#0039 (Dortmund,Kupplyn-CoEvent,Accapella,2017,DUDL,2017-05-31,6746
Change19,Schalle,M√ºnchen,Accapella,2017,DLTLLY,2017-05-28,18783
Ilhan,H√∂rsturz D&DL#0038 (Berlin,2017,Accapella,2017,DUDL,2017-05-27,7868
Wolff,Aris D&DL#0037 (Berlin,2017,Accapella,2017,DUDL,2017-05-24,12167
Onkel Oktomusch & Die Zwetschke,Falk & Khacoby,NRWeekend,Accapella,2017,DLTLLY,2017-05-21,532261
Wolle Der Grobe,Balavababa,NewcomerBattle M√ºnchen,Accapella,2017,DLTLLY,2017-05-18,20206
Mars B.,Yarambo,NRWeekend,Accapella,2017,DLTLLY,2017-05-14,127980
Andres,Mikesh D&DL#0036 (Berlin,2017,Accapella,2017,DUDL,2017-05-13,17226
Leonidas,IZL D&DL#0035 (Berlin,2017,Accapella,2017,DUDL,2017-05-10,3808
Wux Brofer,Eli D&DL#0033 (Berlin,2017,Accapella,2017,DUDL,2017-05-08,3237
DuFF,Doktor Dave,NRWeekend,Accapella,2017,DLTLLY,2017-05-07,51654
Vinci,Shizu D&DL#0034 (Berlin,2017,Accapella,2017,DUDL,2017-05-06,11017
VT,Vyrus,NRWeekend,Accapella,2017,DLTLLY,2017-04-30,38987
Ars,LNB D&DL#0030 (Berlin,2017,Accapella,2017,DUDL,2017-04-29,5960
Eczo,TableddnTimmy D&DL#0031 (Berlin,2017,Accapella,2017,DUDL,2017-04-26,6691
T-Rick,Red D&DL#0029 (Berlin,2017,Accapella,2017,DUDL,2017-04-24,7096
Tobi Nice,Notyzze,NRWeekend,Accapella,2017,DLTLLY,2017-04-23,33923
D.E.Z.,Nicht dein Typ D&DL#0032 (Berlin,2017,Accapella,2017,DUDL,2017-04-22,9102
Barracuda,Mavgic,NRWeekend,Accapella,2017,DLTLLY,2017-04-20,132672
Fabiga,Four Seven,NRWeekend,Accapella,2017,DLTLLY,2017-04-16,105786
Pilz,Nedal Nib,Tapefabrik,Accapella,2017,DLTLLY,2017-04-09,293256
Madame Chaot,Yori D&DL#0027 (Berlin,2017,Accapella,2017,DUDL,2017-04-08,70225
Noone,Hopeless MC D&DL#0028 (Berlin,2017,Accapella,2017,DUDL,2017-04-05,4423
Cryptax,JOSHKA106 D&DL#0025 (Berlin,2017,Accapella,2017,DUDL,2017-04-03,7192
Henrey,N'antinein,Tapefabrik,Accapella,2017,DLTLLY,2017-04-02,27250
Bruf,Cemo Dafuq D&DL#0026 (Berlin,2017,Accapella,2017,DUDL,2017-04-01,4323
Robscure,Merlin,Berlin,Accapella,2017,DLTLLY,2017-03-26,72903
Saking,TripleBeat D&DL#0022 (FFM,-CoSession,Accapella,2017,DUDL,2017-03-25,6438
Tommy2Late,H√∂rsturz,Berlin,Accapella,2017,DLTLLY,2017-03-23,18921
Porno Pete,Schenck OH D&DL#0024 (FFM,-CoSession,Accapella,2017,DUDL,2017-03-22,2510
Ciro,MC Geuner D&DL#0023 (FFM,-CoSession,Accapella,2017,DUDL,2017-03-20,17950
Rino Mandingo,Cris Kotzen,Berlin,Accapella,2017,DLTLLY,2017-03-19,169228
Sizyphos,Akanoo,Berlin,Accapella,2017,DLTLLY,2017-03-16,25833
Robscure,Mars B.,Kassel,Accapella,2017,DLTLLY,2017-03-12,93972
Lamin,Papa TR,Kassel,Accapella,2017,DLTLLY,2017-03-09,19112
IZL,Ilhan D&DL#0021 (Berlin,2017,Accapella,2017,DUDL,2017-03-08,4462
Shizu,T-Tekk D&DL#0019 (Berlin,2017,Accapella,2017,DUDL,2017-03-06,3618
MC Maik,Bauda,Kassel,Accapella,2017,DLTLLY,2017-03-05,28440
MSK,Mikesh D&DL#0020 (Berlin,2017,Accapella,2017,DUDL,2017-03-04,15981
Olio,CPE,Kassel,Accapella,2017,DLTLLY,2017-03-02,24967
Shadow,OE D&DL#0018 (Berlin,2017,Accapella,2017,DUDL,2017-03-01,4836
VT,ShaoLum,Kassel,Accapella,2017,DLTLLY,2017-02-26,52421
Crocodile Andi,Teach,Kassel,Accapella,2017,DLTLLY,2017-02-23,14620
Davie Jones,Clepto,Leipzig,Accapella,2016,DLTLLY,2017-02-19,116631
Paperbite,D-OS,NewcomerBattle Kassel,Accapella,2017,DLTLLY,2017-02-16,13886
Nedal Nib,Brian Damage,üèÜ TITLE-MATCH üèÜ,Accapella,2017,DLTLLY,2017-02-12,247263
Natif,King Lil&#39;C D&DL#0017 (Berlin,2017,Accapella,2017,DUDL,2017-02-11,4032
BalavaBaba,Noone D&DL#0016 (Berlin,2017,Accapella,2017,DUDL,2017-02-08,5887
Andres,Hopeless MC D&DL#0015 (Berlin,2017,Accapella,2017,DUDL,2017-02-06,4733
Doktor Dave,Mave,Leipzig,Accapella,2016,DLTLLY,2017-02-05,51983
Papi Schlauch,Lyrico,Dissember,Accapella,2016,DLTLLY,2017-01-29,161240
Louis Beton,Sizyphos,Leipzig,Accapella,2016,DLTLLY,2017-01-22,21141
Stock,Reinicken + Bossom,Leipzig,Accapella,2016,DLTLLY,2017-01-19,15244
Raptor Warhurst,Unanymous,Dissember,Accapella,2016,DLTLLY,2017-01-15,31443
T-Way,JerMc,Dissember,Accapella,2016,DLTLLY,2017-01-08,55928
Karma,Henrey,Dissember,Accapella,2016,DLTLLY,2017-01-01,26764
M√§neken,D.E.Z D&DL#0014 (Berlin,IDNR-CoEvent,Accapella,2016,DUDL,2016-12-31,3340
Halk Hoden,Ka-Oz D&DL#0013 (Berlin,IDNR-CoEvent,Accapella,2016,DUDL,2016-12-28,4202
Blvck Light,Kol&#39;ja D&DL#0012 (Berlin,IDNR-CoEvent,Accapella,2016,DUDL,2016-12-26,3479
Tobi High & Max Stoned,CPE & Ekhead,Stuttgart,Accapella,2016,DLTLLY,2016-12-25,40538
Yarambo,N'antinein,Stuttgart,Accapella,2016,DLTLLY,2016-12-18,103556
Akanoo,Mr. Whyte,3x in die Fresse,Accapella,2016,DLTLLY,2016-12-16,12788
Change19,BX,Stuttgart,Accapella,2016,DLTLLY,2016-12-11,21975
Gixtah,Street,NewcomerBattle 3x in die Fresse,Accapella,2016,DLTLLY,2016-12-09,13207
Barracuda,Schalle,Stuttgart,Accapella,2016,DLTLLY,2016-12-08,17458
Lyrico,Gregpipe,BDay #3,Accapella,2016,DLTLLY,2016-12-04,320732
Nicht Dein Typ,Tommy2Late,Stuttgart,Accapella,2016,DLTLLY,2016-12-01,16687
Vyrus,Four Seven,Stuttgart,Accapella,2016,DLTLLY,2016-11-27,126600
Dawson,Solay,NewcomerBattle Day 2/2,Accapella,2016,DLTLLY,2016-11-24,9548
Mosaik,Sizyphos D&DL#0011 (Berlin,2016,Accapella,2016,DUDL,2016-11-23,6553
Brian Damage & Harry Crotch,Robscure & Karma,B.Day#3,Accapella,2016,DLTLLY,2016-11-20,63947
ANO-NYM,Dirty GommoraH,Day 2/2,Accapella,2016,DLTLLY,2016-11-17,21184
Cris Kotzen,MC Maik,Day 1/2,Accapella,2016,DLTLLY,2016-11-13,182017
Natif,H√∂rsturz D&DL#0009 (Berlin,2016,Accapella,2016,DUDL,2016-11-11,11379
Mr. Whyte,Four Seven,NewcomerBattle Day 2/2,Accapella,2016,DLTLLY,2016-11-10,19359
Sanja Alexis,Triple Beat D&DL#0007 (Berlin,2016,Accapella,2016,DUDL,2016-11-09,4608
Ilhan,Jay Pie D&DL#0008 (Berlin,2016,Accapella,2016,DUDL,2016-11-07,7385
Davie Jones,Mars B.,B.Day#3,Accapella,2016,DLTLLY,2016-11-06,80875
Hansen,T-Way,Day 1/2,Accapella,2016,DLTLLY,2016-10-30,38290
King Lil&#39; C,Drago51 D&DL#0006 (Berlin,2016,Accapella,2016,DUDL,2016-10-29,5619
Joe-L,Schalle,Day 1/2,Accapella,2016,DLTLLY,2016-10-27,19197
Apriori,Paperbite,D&amp;DL#0003 Berlin,Accapella,2016,DUDL,2016-10-26,3899
TK,T-Tekk,D&amp;DL#0001 Berlin,Accapella,2016,DUDL,2016-10-24,5382
Tobi High,Max Stoned,B.Day#3,Accapella,2016,DLTLLY,2016-10-23,30365
Jack Dragon,Henrey,B.Day#3,Accapella,2016,DLTLLY,2016-10-20,24391
ShaoLum,WandelBarZ,Day 2/2,Accapella,2016,DLTLLY,2016-10-20,23937
S.B.G,Wolle Der Grobe,D&amp;DL#0002 Berlin,Accapella,2016,DUDL,2016-10-15,9656
Bruf,Dirrdy D,NewcomerBattle Day 2/2,Accapella,2016,DLTLLY,2016-10-13,15661
Aris,Popeye D&DL#0005 (Berlin,2016,Accapella,2016,DUDL,2016-10-12,5424
OstrichO,Sizyphos D&DL#0004 (Berlin,2016,Accapella,2016,DUDL,2016-10-10,15681
VT & Tobi Nice,Ekhead & CPE,Day 1/2,Accapella,2016,DLTLLY,2016-10-09,30640
Falk & Khacoby,O.G.OhneGummi & Eric Ventura,Day 1/2,Accapella,2016,DLTLLY,2016-10-02,127001
Barracuda,Olio,Day 1/2,Accapella,2016,DLTLLY,2016-09-25,24235
Davie Jones,Doktor Dave,The Base,Accapella,2016,DLTLLY,2016-09-18,23999
N'antinein,Besser,The Base,Accapella,2016,DLTLLY,2016-09-11,22373
Atzenkalle,Main Moe,Splash19,Accapella,2016,DLTLLY,2016-09-04,83464
Tobi Nice & Duff,Yarambo & Indoor Stan,Splash19,Accapella,2016,DLTLLY,2016-08-28,34251
Gregpipe + Mars B.,Bong Teggy + Brian Damage,SPLASH #19,Accapella,2016,DLTLLY,2016-08-25,304015
Schote & BDad,Buddi & Fabiga,Splash19,Accapella,2016,DLTLLY,2016-08-14,24098
Cris Kotzen,Fab,Fete de la HipHop,Accapella,2016,DLTLLY,2016-08-07,67737
Robscure,Davie Jones,Wien,Accapella,2016,DLTLLY,2016-08-01,104898
Seby Tone,Karma,Wien,Accapella,2016,DLTLLY,2016-07-24,24280
Battleboi Basti,Doktor Dave,MAYhem,Accapella,2016,DLTLLY,2016-07-17,221345
Lyrico,Hansen,MAYhem,Accapella,2016,DLTLLY,2016-07-10,103507
Jack Dragon,JerMc,Wien,Accapella,2016,DLTLLY,2016-07-07,41769
Bong Teggy & Papi Schlauch,Onkel Oktomusch & Die Zwetschke,MAYhem,Accapella,2016,DLTLLY,2016-07-03,374507
FellowSoph,Ekhead,Wien,Accapella,2016,DLTLLY,2016-06-30,13925
Barbee n' Flow,Spello & Al Pone,Wien,Accapella,2016,DLTLLY,2016-06-26,18019
Mave & MC Maik,Tobi Nice & Duff,MAYhem,Accapella,2016,DLTLLY,2016-06-19,21679
Cleptomatic,Yarambo,MAYhem,Accapella,2016,DLTLLY,2016-06-12,156738
Indoor Stan & Nikiz,N'antinein & BX,MAYhem,Accapella,2016,DLTLLY,2016-06-05,27569
BDad,N'antinein,DailyRapJam,Accapella,2016,DLTLLY,2016-05-29,28706
Change19,Akanoo,DailyRapJam,Accapella,2016,DLTLLY,2016-05-26,10477
T-Way,Mars B.,Kassel,Accapella,2016,DLTLLY,2016-05-22,44910
Mavgic,Joe-L,NewcomerBattle Kassel,Accapella,2016,DLTLLY,2016-05-19,77572
Eric Ventura & O.G. Ohne Gummi,Tobi High & Max Stoned,Kassel,Accapella,2016,DLTLLY,2016-05-15,23146
Olio,VT,Kassel,Accapella,2016,DLTLLY,2016-05-12,16686
Aladin,Khan G.,Kassel,Accapella,2016,DLTLLY,2016-05-12,13798
Yarambo,Fabiga,D√ºsseldorf,Accapella,2016,DLTLLY,2016-05-08,90452
Akzent,Peat Pandora,D√ºsseldorf,Accapella,2016,DLTLLY,2016-05-03,11028
Wandelbarz,Cris Kotzen,Dortmund,Accapella,2016,DLTLLY,2016-05-01,74960
Proton,Notyzze,D√ºsseldorf,Accapella,2016,DLTLLY,2016-05-01,63595
Zeptah,Neit,Dortmund,Accapella,2016,DLTLLY,2016-04-26,13126
Robscure,BX,Kassel,Accapella,2016,DLTLLY,2016-04-24,27808
Falk & Khacoby,Ekhead & CPE,D√ºsseldorf,Accapella,2016,DLTLLY,2016-04-21,65522
Nedal Nib,Bong Teggy,Berlin,Accapella,2016,DLTLLY,2016-04-17,259218
Bauda,Henrey,D√ºsseldorf,Accapella,2016,DLTLLY,2016-04-14,22511
Harlem T,MC Intifada,FreestyleBattle Dortmund,Accapella,2016,DLTLLY,2016-04-12,11967
Indoor Stan,Robscure,Berlin,Accapella,2016,DLTLLY,2016-04-12,43340
DirtySanchez,Karma,Berlin,Accapella,2016,DLTLLY,2016-04-07,22199
Scumgod,Der Schwede,Berlin,Accapella,2016,DLTLLY,2016-04-05,15881
Muro,Marc Zufall,D√ºsseldorf,Accapella,2016,DLTLLY,2016-04-03,24566
Saking,Black Snowman,NewcomerBattle FFM,Accapella,2016,DLTLLY,2016-03-29,17976
Nikiz,Cleptomatic,Berlin,Accapella,2016,DLTLLY,2016-03-27,63208
Mars B.,Jack Dragon,Privat,Accapella,2016,DLTLLY,2016-03-20,24327
Schalle,Aladin,FFM,Accapella,2016,DLTLLY,2016-03-17,11989
MfGen,Ciro,NewcomerBattle FFM,Accapella,2016,DLTLLY,2016-03-15,10595
D-OS,Banal,NewcomerBattle FFM,Accapella,2016,DLTLLY,2016-03-10,8272
BX,Patrick Enemy,FFM,Accapella,2016,DLTLLY,2016-03-08,33956
Tobi High & Max Stoned,Lockenkopf & Tschappy,FFM,Accapella,2016,DLTLLY,2016-03-06,18337
N'antinein,Dopex,FFM,Accapella,2016,DLTLLY,2016-03-06,15246
Johnny Rakete,Kex Kuhl,ComplimentsBattle ,Accapella,2016,DLTLLY,2016-02-28,86932
Karma,Akanoo,could not identify event,Accapella,2016,DLTLLY,2016-02-21,14133
Indoor Stan,Yarambo,Bochum,Accapella,2015,DLTLLY,2016-02-14,110876
FALK,FraX One,Bochum,Accapella,2015,DLTLLY,2016-02-04,25362
Notyzze,Buddi,Bochum,Accapella,2015,DLTLLY,2016-01-31,30535
Collapz & CPE,Aresst & D.ZUM.A,NewcomerBattle Bochum,Accapella,2015,DLTLLY,2016-01-28,21857
Fabiga,Bauda,Bochum,Accapella,2015,DLTLLY,2016-01-24,18192
Jack Dragon,Smoke T√º√º,Stuttgart,Accapella,2015,DLTLLY,2016-01-17,17599
Dezzad,N'Antinein,Stuttgart,Accapella,2015,DLTLLY,2016-01-14,12945
Bong Teggy,Brian Damage,Bad Bars,Accapella,2016,DLTLLY,2016-01-10,763551
Battleboi Basti & Dee Ho,Onkel Oktomusch & Die Zwetschke,BDAY #3,Accapella,2016,DLTLLY,2016-01-03,386532
Nedal Nib,Mars B.,B.day #2,Accapella,2015,DLTLLY,2015-12-27,129927
Ali Affront,Seby Tone,B.Day#2,Accapella,2015,DLTLLY,2015-12-20,26707
Change19 & Henrey,Tobi High & Max Stoned,B.Day#2,Accapella,2015,DLTLLY,2015-12-13,27712
Karma,Robscure,B.Day#2,Accapella,2015,DLTLLY,2015-12-06,26061
Hansen,George Midas,Berlin,Accapella,2015,DLTLLY,2015-11-15,35849
Fab,Cemo,NewcomerBattle DAYtime Event,Accapella,2015,DLTLLY,2015-11-12,19017
Dezzad,Schnaxler,DAYtime Event,Accapella,2015,DLTLLY,2015-11-05,12880
Le Nerd,Tobi Nice,Berlin,Accapella,2015,DLTLLY,2015-11-01,48766
Pedro,Jean-Gough Frais,Berlin,Accapella,2015,DLTLLY,2015-10-25,16746
T Way,Nikiz,Berlin,Accapella,2015,DLTLLY,2015-10-18,18266
Mio Mao,Buddi,Tapefabrik,Accapella,2015,DLTLLY,2015-10-11,48814
Lyrico,Mars B.,Tapefabrik,Accapella,2015,DLTLLY,2015-10-04,71036
Karma,Limstar,NewcomerBattle M√ºnchen,Accapella,2015,DLTLLY,2015-09-27,13925
Henrey,Change19,NewcomerBattle M√ºnchen,Accapella,2015,DLTLLY,2015-09-20,29684
Le Nerd,Davie Jones,Berlin,Accapella,2015,DLTLLY,2015-08-09,135527
Lyrico,Der Fischer,Berlin,Accapella,2015,DLTLLY,2015-08-06,75450
JOLLYJAY,MR TONGUE TWISTER,Dont Flop,Accapella,2015,DON'T FLOP,2015-08-05,30725
Mighty Mo & Nedal Nib,Duff,Splash 18,Accapella,2015,DLTLLY,2015-08-02,51563
Gregpipe + Basic,Battleboi Basti + Besser,Berlin,Accapella,2015,DLTLLY,2015-07-26,301396
Mars B.,Mirror,Berlin,Accapella,2015,DLTLLY,2015-07-19,26033
Tis L,T-Way,Berlin,Accapella,2015,DLTLLY,2015-07-16,28258
MC Maik + Mave,Scumgod + DirtySanchez,Berlin,Accapella,2015,DLTLLY,2015-07-12,31543
Merlin,Bong Teggy,M√ºnchen,Accapella,2015,DLTLLY,2015-07-05,218552
Jack Dragon,Demolux,M√ºnchen,Accapella,2015,DLTLLY,2015-06-28,14320
Brian Damage,Harry Crotch,ComplimentsBattle M√ºnchen,Accapella,2015,DLTLLY,2015-06-21,144880
Ali Affront,Fellowsoph,M√ºnchen,Accapella,2015,DLTLLY,2015-06-07,25340
Brian Damage,Davie Jones,Livin' HipHop Jam,Accapella,2015,DLTLLY,2015-05-24,96734
Lyrico,Harry Crotch,Livin' HipHop Jam,Accapella,2015,DLTLLY,2015-05-10,29354
Doktor Dave,George Midas (HipHop Convention),Berlin,Accapella,2015,DLTLLY,2015-05-07,14964
Tis L,Bauda,Berlin,Accapella,2015,DLTLLY,2015-04-29,18553
Nikiz,Le Nerd,Berlin,Accapella,2015,DLTLLY,2015-04-26,47252
Scumgod + DirtySanchez,Tschappy + Doktor Dave,Berlin,Accapella,2015,DLTLLY,2015-04-23,18820
Mighty Mo,Hansen - REMATCH!,Hamburg,Accapella,2015,DLTLLY,2015-04-19,144432
Kenny Kansas,Core One,Hamburg,Accapella,2015,DLTLLY,2015-04-18,14651
DeeLah,D.O.C.,Hamburg,Accapella,2015,DLTLLY,2015-04-18,24658
Onkel Oktomusch + Die Zwetschke,Mave + MC Maik,Hamburg,Accapella,2015,DLTLLY,2015-04-05,114087
Nedal Nib,Der Fischer,Hamburg,Accapella,2015,DLTLLY,2015-03-31,97088
Mac Horn + Cashus K.,PadaLash + SZD,Hamburg,Accapella,2015,DLTLLY,2015-03-31,19095
Aytee,Fabiga,DAYtime Event,Accapella,2015,DLTLLY,2015-03-15,60061
Buddi,Duff,DAYtime Event,Accapella,2015,DLTLLY,2015-03-08,29445
Proton,Heideck,DAYtime Event,Accapella,2015,DLTLLY,2015-03-01,17216
Buy Some,T-Way,DAYtime Event,Accapella,2015,DLTLLY,2015-02-22,36741
Juskah,BDad,B.Day#1,Accapella,2014,DLTLLY,2015-01-25,22408
Merlin,Schote,B.Day#1,Accapella,2014,DLTLLY,2015-01-18,41052
George Midas,RV,B.Day#1,Accapella,2014,DLTLLY,2015-01-11,22654
Bong Teggy,Papi Schlauch,B.Day#1,Accapella,2014,DLTLLY,2015-01-04,171285
Buddi,Jack Dragon,B.Day#1,Accapella,2014,DLTLLY,2014-12-21,16507
Rino Mandingo + Johnny Rakete,Onkel Oktomusch + Die Zwetschke,B.Day,Accapella,2014,DLTLLY,2014-12-14,93940
Doktor Dave,Nedal Nib,B.Day#1,Accapella,2014,DLTLLY,2014-12-07,88730
Der Fischer,Harry Crotch,Stuttgart,Accapella,2014,DLTLLY,2014-11-09,26540
BX,Crash Bundy,Stuttgart,Accapella,2014,DLTLLY,2014-11-02,13640
Peter Pogen,Mars B.,Stuttgart,Accapella,2014,DLTLLY,2014-11-01,42065
BDad,Smoke T√º√º,Stuttgart,Accapella,2014,DLTLLY,2014-10-19,43767
JEAN GOUGH FRAIS,OGMIOS,could not identify event,Accapella,2014,DON'T FLOP,2014-09-24,32670
IMPACT,MANIAC,could not identify event,Accapella,2014,DON'T FLOP,2014-09-17,20529
Jack Dragon,Suza, CoEvent,Accapella,2014,DLTLLY,2014-09-14,14992
INNUENDO,JOLLYJAY,could not identify event,Accapella,2014,DON'T FLOP,2014-09-10,28959
Nikiz,Luie-Die-Nadel, CoEvent,Accapella,2014,DLTLLY,2014-09-07,14650
MR TONGUE TWISTER,BRIAN DAMAGE,could not identify event,Accapella,2014,DON'T FLOP,2014-09-03,68572
Fatcap,Doktor Dave, CoEvent,Accapella,2014,DLTLLY,2014-08-31,41513
Happy Beckmann & 4tune,Petschino & Juskah,Splash #17,Accapella,2014,DLTLLY,2014-08-17,322505
Merlin,Gozpel,Splash 17,Accapella,2014,DLTLLY,2014-08-10,138524
Mighty P,MC Maik,EOW-Tour,Accapella,2014,DLTLLY,2014-08-07,16514
DuFF,Fresh Polakke,Splash 17,Accapella,2014,DLTLLY,2014-08-02,205782
Duzoe & Dollar John,Der Fischer & Johnny Medez,EOW-Tour,Accapella,2014,DLTLLY,2014-07-31,90961
Brian Damage + Philipp Quh,Mighty Mo + Nedal Nib,Splash 17,Accapella,2014,DLTLLY,2014-07-26,121634
Pille,MisterOneTake,EOW-Tour,Accapella,2014,DLTLLY,2014-07-24,22119
BDad,TWO,EOW-Tour,Accapella,2014,DLTLLY,2014-07-17,17521
Proton,Koozy,EOW-Tour,Accapella,2014,DLTLLY,2014-07-11,26414
Onkel Oktomusch & Die Zwetschke,DeeLah & MOH,EOW-Tour,Accapella,2014,DLTLLY,2014-07-10,66358
Buddi,Veedel Kaztro,EOW-Tour,Accapella,2014,DLTLLY,2014-06-29,28322
Mirko Fon,Kiddom,EOW-Tour,Accapella,2014,DLTLLY,2014-06-26,9759
Salo,Tanguy,M√ºnchen,Accapella,2014,DLTLLY,2014-06-19,14899
Seby Tone,Manny Blanco,M√ºnchen,Accapella,2014,DLTLLY,2014-06-15,22642
Merlin,Trump,M√ºnchen,Accapella,2014,DLTLLY,2014-06-08,48847
Jack Dragon,Davie Jones,M√ºnchen,Accapella,2014,DLTLLY,2014-06-05,31199
Johnny Rakete,Philipp Quh,M√ºnchen,Accapella,2014,DLTLLY,2014-06-01,85284
Nestor,Pirate,Berlin,Accapella,2014,DLTLLY,2014-05-11,11391
Nikiz,Doktor Dave,Berlin,Accapella,2014,DLTLLY,2014-04-27,38222
Micky Worthless,Jean-Gough Frais,international,Accapella,2014,DLTLLY,2014-04-20,13763
George Midas,Der Fischer,Berlin,Accapella,2014,DLTLLY,2014-04-13,48511
Brian Damage & Harry Crotch,Proton & Roni 87,Berlin,Accapella,2014,DLTLLY,2014-04-06,97256
Amah,Koozy,M√ºnchen,Accapella,2014,DLTLLY,2014-03-09,34409
LeeWun,Trump,M√ºnchen,Accapella,2014,DLTLLY,2014-03-02,26934
Harry Crotch,Jack Dragon,M√ºnchen,Accapella,2014,DLTLLY,2014-02-23,24084
Merlin,Mighty P,M√ºnchen,Accapella,2014,DLTLLY,2014-02-16,98446
Johnny Rakete,Duff,M√ºnchen,Accapella,2014,DLTLLY,2014-02-09,102982
Hansen,Presto,Berlin,Accapella,2013,DLTLLY,2014-01-26,30607
Zero2012,Der Fischer,Berlin,Accapella,2013,DLTLLY,2014-01-19,18700
Rino Mandingo,Breeze,Berlin,Accapella,2013,DLTLLY,2014-01-12,51626
MC Mirror,Proton,Berlin,Accapella,2013,DLTLLY,2014-01-05,23224
Mos Prob,Maniac,Berlin,Accapella,2013,DLTLLY,2013-12-29,15001
Brian Damage,Doktor Dave,Berlin,Accapella,2013,DLTLLY,2013-12-22,90020
Kizu,Trump,Berlin,Accapella,2013,DLTLLY,2013-10-20,19030
Doktor Dave,Jack Dragon,Berlin,Accapella,2013,DLTLLY,2013-10-13,37036
Rob Really,Manekin Peace,Berlin,Accapella,2013,DLTLLY,2013-10-07,10383
Brian Damage,Mighty P,Berlin,Accapella,2013,DLTLLY,2013-09-29,60392
Hansen,Kurzer Prozess,Berlin,Accapella,2013,DLTLLY,2013-09-24,83748
