Name #1,Name #2,Event,Type,Year,Channel,Uploaded,URL,ID,Views
LARA SOFT,FROZEN,ON BEAT BATTLE,On Beat,2024,FOB,2024-5-9,https://www.youtube.com/watch?v=hcwjr_srOXM,hcwjr_srOXM,826
David Ardor,Jilly,Battle,Accapella,2024,DUDL,2024-5-5,https://www.youtube.com/watch?v=BxFo9Cnh4GI,BxFo9Cnh4GI,2460
Steel,Davie Jones,  Berlin,On Beat,2024,DLTLLY,2024-5-5,https://www.youtube.com/watch?v=uz5v_Bn_TzY,uz5v_Bn_TzY,3188
Notyzze,Tommy2Late,  Berlin,On Beat,2024,DLTLLY,2024-5-5,https://www.youtube.com/watch?v=DDBzGJrY2Ds,DDBzGJrY2Ds,17646
CSN GALACTICO,SIC68,ACAPELLA BATTLE,Accapella,2024,FOB,2024-5-3,https://www.youtube.com/watch?v=cUb4Sq_nyLo,cUb4Sq_nyLo,5944
HEYZEN,TOKZ,ON BEAT + ACAPELLA BATTLE,On Beat,2024,FOB,2024-4-25,https://www.youtube.com/watch?v=QboOw6vfu5Q,QboOw6vfu5Q,4467
Karanova,Bong Teggy,üèÜ ON BEAT TITLE MATCH üèÜ,On Beat,2024,DLTLLY,2024-4-21,https://www.youtube.com/watch?v=LN1Lv62vzbI,LN1Lv62vzbI,54457
TOLLSCHOCK,MALIK,ACAPELLA BATTLE,Accapella,2024,FOB,2024-4-21,https://www.youtube.com/watch?v=zH1kJVuX8QU,zH1kJVuX8QU,5267
MC GEUNER,BANDAN,ACAPELLA BATTLE,Accapella,2024,FOB,2024-4-19,https://www.youtube.com/watch?v=8W6w_1IMHSQ,8W6w_1IMHSQ,10860
FABS,DUFF,ACAPELLA BATTLE,Accapella,2024,FOB,2024-4-12,https://www.youtube.com/watch?v=PGneFiKoVf4,PGneFiKoVf4,14556
DANNY DEADWEIGHT,SKILLZ,ACAPELLA BATLLE,Accapella,2024,FOB,2024-3-24,https://www.youtube.com/watch?v=ehyGYTo24ro,ehyGYTo24ro,4208
CLOCKWORK,DADDA,ACAPELLA BATTLE,Accapella,2024,FOB,2024-3-24,https://www.youtube.com/watch?v=f2TI2M5UaXc,f2TI2M5UaXc,8721
SIZYPHOS,MOODY,ACAPELLA BATTLE,Accapella,2024,FOB,2024-3-24,https://www.youtube.com/watch?v=QYrhse-D5VI,QYrhse-D5VI,21163
ONKEL FR√ÑNK,SHADYX,ACAPELLA BATTLE,Accapella,2024,FOB,2024-3-24,https://www.youtube.com/watch?v=wfBBTAqUHis,wfBBTAqUHis,6737
JOSEPH STEINSCHLEUDER,MORGANA,ON BEAT BATTLE,On Beat,2024,FOB,2024-3-21,https://www.youtube.com/watch?v=fo8uzP3EIvw,fo8uzP3EIvw,13168
OREGANO,HIDING JOHN,ACAPELLA BATTLE,Accapella,2024,FOB,2024-3-18,https://www.youtube.com/watch?v=rAqwIxumi3s,rAqwIxumi3s,41533
PABLO,YAAMANN,ON BEAT BATTLE,On Beat,2024,FOB,2024-3-14,https://www.youtube.com/watch?v=AWCwWr_DDKI,AWCwWr_DDKI,7979
ZATO,ZEPTAH,ON BEAT BATTLE,On Beat,2024,FOB,2024-3-1,https://www.youtube.com/watch?v=nMeqvIpjfOE,nMeqvIpjfOE,6378
KOOZY,MAN IN BLACK,ON BEAT BATTLE,On Beat,2024,FOB,2024-2-9,https://www.youtube.com/watch?v=6_YUEKAjkng,6_YUEKAjkng,8510
FREEZY,DADDA,ON BEAT BATTLE,On Beat,2024,FOB,2024-2-23,https://www.youtube.com/watch?v=QBSRI86VMs8,QBSRI86VMs8,11695
VYRUS,STEEL,ON BEAT TITLEMATCH,On Beat,2024,FOB,2024-2-2,https://www.youtube.com/watch?v=hupa7KpyOm8,hupa7KpyOm8,40414
Holu,Moody,Battle,Accapella,2023,DUDL,2024-1-6,https://www.youtube.com/watch?v=ZgVgROhjl5o,ZgVgROhjl5o,5947
BURST & T-WAY,LEANDERS & DESPO,ACAPELLA BATTLE,Accapella,2024,FOB,2024-1-5,https://www.youtube.com/watch?v=_RaLw94QJSI,_RaLw94QJSI,9010
FAITH MC,ROLLING G,ACAPELLA BATTLE,Accapella,2024,FOB,2024-1-27,https://www.youtube.com/watch?v=AQ61cQjpA4U,AQ61cQjpA4U,6271
ROOL,DAVID ARDOR,NEWCOMER BATTLE,Accapella,2024,FOB,2024-1-21,https://www.youtube.com/watch?v=_TQee46RR5U,_TQee46RR5U,2353
FRAX ONE & DJANGO,NATALI & ALADIN,ACAPELLA BATTLE,Accapella,2024,FOB,2024-1-19,https://www.youtube.com/watch?v=6ZzLdfNphns,6ZzLdfNphns,6337
JOSEPH STEINSCHLEUDER & ROMIK WRONG,ZEPTAH & ORPHXN,ON BEAT BATTLE,On Beat,2024,FOB,2024-1-12,https://www.youtube.com/watch?v=hDQFXey6gXI,hDQFXey6gXI,17149
ShadyX,David Ardor,Battle,Accapella,2023.0,DUDL,2023-9-30,https://www.youtube.com/watch?v=yyTA-Qjyo8k,yyTA-Qjyo8k,3902.0
FAIVEL,MAZZIKANER,ACAPELLA BATTLE,Accapella,2023,FOB,2023-9-24,https://www.youtube.com/watch?v=jjoHn6PxuHo,jjoHn6PxuHo,4126
DEZ,MC Rabiat,Battle,Accapella,2023,DUDL,2023-9-23,https://www.youtube.com/watch?v=7OxvBQs2I9U,7OxvBQs2I9U,5366
JOSEPH STEINSCHLEUDER,ALADIN,ON BEAT BATTLE,On Beat,2023,FOB,2023-9-21,https://www.youtube.com/watch?v=1JJayQ1V2h4,1JJayQ1V2h4,26003
VYRUS,KOOZY,ON BEAT BATTLE,On Beat,2023,FOB,2023-8-10,https://www.youtube.com/watch?v=alByBsxKWa4,alByBsxKWa4,13057
TEACH,DJANGO (BATTLE UM PLATZ 3),FREESTYLE BATTLE,Accapella,2023,FOB,2023-8-10,https://www.youtube.com/watch?v=Gw-PKej8GDs,Gw-PKej8GDs,2602
NASTIC (FINNASTIC),CRIPSTA,ON BEAT BATTLE,On Beat,2023,FOB,2023-8-10,https://www.youtube.com/watch?v=cQD1k_AzQvY,cQD1k_AzQvY,5986
ROLLING G,ATROPATRAP,ACAPELLA BATTLE,Accapella,2023,FOB,2023-8-10,https://www.youtube.com/watch?v=qMDgBCsXSKk,qMDgBCsXSKk,18013
NOTYZZE,PATO G (FINALE),FREESTYLE BATTLE,Accapella,2023,FOB,2023-8-10,https://www.youtube.com/watch?v=P-J6-smmJlE,P-J6-smmJlE,9175
REQUIEM,ALADIN,ON BEAT BATTLE,On Beat,2023,FOB,2023-8-10,https://www.youtube.com/watch?v=pu3AO8kGZhI,pu3AO8kGZhI,5539
DER SERGEANT,MUSIO,ACAPELLA BATTLE,Accapella,2023,FOB,2023-8-10,https://www.youtube.com/watch?v=oxWTBgiZXYo,oxWTBgiZXYo,4292
DAVIE JONES,KIRUMA,ACAPELLA BATTLE,Accapella,2023,FOB,2023-8-10,https://www.youtube.com/watch?v=153UC-iaZuY,153UC-iaZuY,45828
FAIVEL,TRIPLE,MIXED MARTIAL BARS,Accapella,2023,FOB,2023-8-10,https://www.youtube.com/watch?v=ruyoC9eeZe0,ruyoC9eeZe0,4709
FINNASTIC,FAIVEL,ON BEAT BATTLE,On Beat,2023,FOB,2023-7-7,https://www.youtube.com/watch?v=IvW0VwU-bD4,IvW0VwU-bD4,4620
Jindo109,Liuz,Proving Grounds Berlin,Accapella,2023,DLTLLY,2023-7-7,https://www.youtube.com/watch?v=VcwX1YM5mTA,VcwX1YM5mTA,57718
MALIK,JEPAIN,ACAPELLA BATTLE,Accapella,2023,FOB,2023-7-28,https://www.youtube.com/watch?v=RTYVYzqrrxU,RTYVYzqrrxU,2761
RIPA,CIZERO,ACAPELLA BATTLE,Accapella,2023,FOB,2023-7-23,https://www.youtube.com/watch?v=Zyqjl-p0XVM,Zyqjl-p0XVM,1811
DER SERGEANT,CLOCKWORK,ACAPELLA BATTLE,Accapella,2023,FOB,2023-7-21,https://www.youtube.com/watch?v=LiwzGIfLQy4,LiwzGIfLQy4,3338
Mavgic,Bong Teggy,üèÜ  Titlematch üèÜ,On Beat,2023,DLTLLY,2023-7-2,https://www.youtube.com/watch?v=7cWynBFYZKo,7cWynBFYZKo,112707
YOUNG KENNEDY,LIUZ,ACAPELLA BATTLE,Accapella,2023,FOB,2023-7-16,https://www.youtube.com/watch?v=SNVsQYlBxIE,SNVsQYlBxIE,4100
BARETTA,OLDBOY,ACAPELLA BATTLE,Accapella,2023,FOB,2023-7-14,https://www.youtube.com/watch?v=GWuP4kXR1Kg,GWuP4kXR1Kg,2828
Swear Boss,Chaarlz,Bars von Chaarlz,On Beat,2023,DLTLLY,2023-6-9,https://www.youtube.com/watch?v=xsppHOOGjuE,xsppHOOGjuE,27585
MC GEUNER,JOSEPH STEINSCHLEUDER,ACAPELLA BATTLE,Accapella,2023,FOB,2023-6-8,https://www.youtube.com/watch?v=PqIW0yKlenc,PqIW0yKlenc,31914
Jack Dragon,Duff,NRWeekend 6,Accapella,2023,DLTLLY,2023-6-4,https://www.youtube.com/watch?v=DaR9eHH76rU,DaR9eHH76rU,24601
THORA,NICK SHIT,ACAPELLA BATTLE,Accapella,2023,FOB,2023-6-4,https://www.youtube.com/watch?v=YcZozCm_xbk,YcZozCm_xbk,2765
MOODY,CSN GALACTICO,ACAPELLA BATTLE,Accapella,2023,FOB,2023-6-30,https://www.youtube.com/watch?v=xsiNjqXkrmU,xsiNjqXkrmU,4286
EZRA,TECEY,ACAPELLA BATTLE,Accapella,2023,FOB,2023-6-30,https://www.youtube.com/watch?v=o6pKCGAZ8jg,o6pKCGAZ8jg,2386
XtraHerb,Trunkenbold,Battle,Accapella,2023,DUDL,2023-6-3,https://www.youtube.com/watch?v=wmR1ZNP60_s,wmR1ZNP60_s,8539
Kiruma,Jeystone,Battle,Accapella,2023,DUDL,2023-6-24,https://www.youtube.com/watch?v=ri_S-oeZ_eY,ri_S-oeZ_eY,24097
LARA SOFT,MAT052,ON BEAT BATTLE,On Beat,2023,FOB,2023-6-21,https://www.youtube.com/watch?v=on745CtUTC8,on745CtUTC8,5708
Mars,ZinZity,NRWeekend 6,Accapella,2023,DLTLLY,2023-6-18,https://www.youtube.com/watch?v=GlT7vWzBfgA,GlT7vWzBfgA,55395
Julo,SnakeHeadRhyme,Battle,Accapella,2023,DUDL,2023-6-17,https://www.youtube.com/watch?v=-YKMqAAxT8o,-YKMqAAxT8o,12865
Mc Geuner,DeeLah,NRWeekend 6,Accapella,2023,DLTLLY,2023-6-11,https://www.youtube.com/watch?v=OqlGnaMrdxE,OqlGnaMrdxE,33795
LUCKYLILY,CRAZYO,ACAPELLA BATTLE,Accapella,2023,FOB,2023-6-11,https://www.youtube.com/watch?v=UvS4sFibdO8,UvS4sFibdO8,6599
FreeKno,LevRudi,Battle,Accapella,2023,DUDL,2023-6-10,https://www.youtube.com/watch?v=9hUmhQs6_Mo,9hUmhQs6_Mo,11111
MOODY,NEOS,ACAPELLA BATTLE,Accapella,2023,FOB,2023-5-7,https://www.youtube.com/watch?v=iBL1KeH3-Zg,iBL1KeH3-Zg,2931
CLOUDSURFER,CSN GALACTICO,ACAPELLA BATTLE,Accapella,2023,FOB,2023-5-5,https://www.youtube.com/watch?v=91Ics6zQVbw,91Ics6zQVbw,4325
T-WAY & TOLLSCHOCK & BURST & EZRA & HEINZ87,NATIF (& YAAMANN),5 GEGEN NATIF,Accapella,2023,FOB,2023-5-31,https://www.youtube.com/watch?v=s8txdXxnA78,s8txdXxnA78,6434
Yarambo,Craze,NRWeekend 6,Accapella,2023,DLTLLY,2023-5-28,https://www.youtube.com/watch?v=46OYZ6po0Ak,46OYZ6po0Ak,95065
Nio,Vesso,Battle,Accapella,2023,DUDL,2023-5-27,https://www.youtube.com/watch?v=GiTmnInso14,GiTmnInso14,6454
Celune,Wenzel Washington,Proving Grounds Berlin,Accapella,2023,DLTLLY,2023-5-26,https://www.youtube.com/watch?v=vrsYi_dzJAM,vrsYi_dzJAM,22318
Joseph Steinschleuder,Requiem,NRWeekend 6,Accapella,2023,DLTLLY,2023-5-21,https://www.youtube.com/watch?v=b7Ous_8Wlug,b7Ous_8Wlug,33504
S-Staticx,Rebellion,Battle,Accapella,2023,DUDL,2023-5-20,https://www.youtube.com/watch?v=CxLrqhH-DBk,CxLrqhH-DBk,5776
Valik,Davis,Proving Grounds Berlin,Accapella,2023,DLTLLY,2023-5-19,https://www.youtube.com/watch?v=LyPTX5qeZD0,LyPTX5qeZD0,12650
DADDA,P-HAZE,ACAPELLA BATTLE,Accapella,2023,FOB,2023-5-19,https://www.youtube.com/watch?v=AhJOsTxYeUE,AhJOsTxYeUE,4513
Neilz,Tobi High,NRWeekend 6,Accapella,2023,DLTLLY,2023-5-14,https://www.youtube.com/watch?v=jhhMGXy1LF8,jhhMGXy1LF8,59917
JANAUND,PESC,ACAPELLA BATTLE,Accapella,2023,FOB,2023-5-12,https://www.youtube.com/watch?v=rJEsiba2m2Y,rJEsiba2m2Y,5106
Maka,Zeptah,NRWeekend 6,Accapella,2023,DLTLLY,2023-4-9,https://www.youtube.com/watch?v=tE_8ZrKkRL4,tE_8ZrKkRL4,15863
DER SERGEANT,M.F.L.,ACAPELLA BATTLE,Accapella,2023,FOB,2023-4-28,https://www.youtube.com/watch?v=G2FxBew9Jug,G2FxBew9Jug,6446
MORGANA,STEEL,ON BEAT BATTLE,On Beat,2023,FOB,2023-4-21,https://www.youtube.com/watch?v=WAFnWLi2kQM,WAFnWLi2kQM,25237
Niza,Heinz87,Proving Grounds Kontext Wiesbaden,Accapella,2023,DLTLLY,2023-4-2,https://www.youtube.com/watch?v=GwIj5C8bPBs,GwIj5C8bPBs,15265
PHASENKIND,MC COLOGNE,ON BEAT BATTLE,On Beat,2023,FOB,2023-4-14,https://www.youtube.com/watch?v=zJNkeDhTDJo,zJNkeDhTDJo,15230
Kairuzo,Freezy,  Kassel,On Beat,2023,DLTLLY,2023-3-5,https://www.youtube.com/watch?v=TWFbqnebTV8,TWFbqnebTV8,14564
JOSEPH STEINSCHLEUDER,KAIRUZO,ON BEAT BATTLE,On Beat,2023,FOB,2023-3-5,https://www.youtube.com/watch?v=6dsqwWjEHYs,6dsqwWjEHYs,23489
S-Staticx,Der Sir (JollyJay),Proving Grounds Kontext Wiesbaden,Accapella,2023,DLTLLY,2023-3-31,https://www.youtube.com/watch?v=Od-__geija4,Od-__geija4,9262
Papi Schlauch,Mighty P,Freestyle Halbfinale 1/2  Kassel,Accapella,2023,DLTLLY,2023-3-3,https://www.youtube.com/watch?v=GvjjcKT6ht8,GvjjcKT6ht8,21449
LUG SERIOUS,BANDAN,ON BEAT BATTLE,On Beat,2023,FOB,2023-3-29,https://www.youtube.com/watch?v=iCJvT7zXNfY,iCJvT7zXNfY,3906
MEIDI,KATO,MAYhem 6 - PROVOKATION 1/6,Accapella,2023,DLTLLY,2023-3-27,https://www.youtube.com/watch?v=BzgruMrzHLE,BzgruMrzHLE,21580
Aladin,Oregano,Proving Grounds Wiesbaden,Accapella,2023,DLTLLY,2023-3-26,https://www.youtube.com/watch?v=34HlNq1_VfI,34HlNq1_VfI,18966
HEYZEN,TECEY,ON BEAT BATTLE,On Beat,2023,FOB,2023-3-23,https://www.youtube.com/watch?v=Fw7e-M3WdOI,Fw7e-M3WdOI,2831
Mordrake,Faivel,Proving Grounds Wiesbaden,Accapella,2023,DLTLLY,2023-3-19,https://www.youtube.com/watch?v=pxKAJ5Ivies,pxKAJ5Ivies,13861
PRYME,FINNASTIC,ON BEAT BATTLE,On Beat,2023,FOB,2023-3-17,https://www.youtube.com/watch?v=SC4utzuA9ks,SC4utzuA9ks,4579
Mighty P,Shizu,Freestyle um 3. Platz,Accapella,2023.0,DLTLLY,2023-3-17,https://www.youtube.com/watch?v=lqYWya5f8gM,lqYWya5f8gM,10481.0
FINNASTIC,VESSO,ON BEAT BATTLE,On Beat,2023,FOB,2023-3-17,https://www.youtube.com/watch?v=djWWmOoyq4Q,djWWmOoyq4Q,3055
DADDA,MAT052,ON BEAT BATTLE,On Beat,2023,FOB,2023-3-15,https://www.youtube.com/watch?v=VrI_EoQAHb8,VrI_EoQAHb8,5002
FREEZY & DESPO,ZEPTAH & ORPHXN,ON BEAT BATTLE,On Beat,2023,FOB,2023-3-14,https://www.youtube.com/watch?v=bnrYiUeZcmc,bnrYiUeZcmc,12767
PHASENKIND,MC COLOGNE,ON BEAT BATTLE,On Beat,2023,FOB,2023-3-14,https://www.youtube.com/watch?v=wGVt1b9k1-s,wGVt1b9k1-s,1404
Holu & Freekno,Joseph Steinschleuder & Triple Beat,2on2,Accapella,2023,DLTLLY,2023-3-12,https://www.youtube.com/watch?v=wD1OXlkgxuo,wD1OXlkgxuo,35138
Krom,Shizu,Freestyle Halbfinale 2/2  Kassel,Accapella,2023,DLTLLY,2023-3-10,https://www.youtube.com/watch?v=5At2_Fwibvw,5At2_Fwibvw,12906
Julo,Kid Soldier,DISSember 6,Accapella,2023,DLTLLY,2023-2-5,https://www.youtube.com/watch?v=9sm6ohBf5jM,9sm6ohBf5jM,41060
Kiruma,LevRudi,Battle,Accapella,2022,DUDL,2023-2-4,https://www.youtube.com/watch?v=cy4tB0dKQvQ,cy4tB0dKQvQ,21818
Gerro,Bilal,  Kassel,Accapella,2023,DLTLLY,2023-2-26,https://www.youtube.com/watch?v=PtphnbYBD-g,PtphnbYBD-g,20452
Muro,Mighty P,Freestyle Viertelfinale 4/4 Kassel,Accapella,2023.0,DLTLLY,2023-2-24,https://www.youtube.com/watch?v=FjKugbIQk7w,FjKugbIQk7w,14067.0
Krom,Notyzze,Freestyle Viertelfinale 3/4  Kassel,Accapella,2023,DLTLLY,2023-2-21,https://www.youtube.com/watch?v=98g7Cy_XbxY,98g7Cy_XbxY,25722
MC Geuner,Shizu,Freestyle Viertelfinale 2/4 Kassel,Accapella,2023,DLTLLY,2023-2-17,https://www.youtube.com/watch?v=AvAcIKtEhwc,AvAcIKtEhwc,13446
Craze,Papi Schlauch,Freestyle Viertelfinale 1/4 Kassel,Accapella,2023,DLTLLY,2023-2-14,https://www.youtube.com/watch?v=cFxjz1ESlrA,cFxjz1ESlrA,24937
Vyrus,Bong Teggy,DISSember 6,On Beat,2023,DLTLLY,2023-2-12,https://www.youtube.com/watch?v=0j2whdG-GRI,0j2whdG-GRI,95272
KahVauWeh,Jilly,Battle,Accapella,2023,DUDL,2023-12-9,https://www.youtube.com/watch?v=0qrxZCr5CMg,0qrxZCr5CMg,4497
FREEKNO,MORGANA,ACAPELLA BATTLE,Accapella,2023,FOB,2023-12-8,https://www.youtube.com/watch?v=WtgPudDeZj8,WtgPudDeZj8,6158
KRISO,ILYA FLOYD,NEWCOMER BATTLE,Accapella,2023,FOB,2023-12-31,https://www.youtube.com/watch?v=eSLYneqD0vg,eSLYneqD0vg,3505
Bilal,Joseph Steinschleuder,Battle,Accapella,2023,DUDL,2023-12-30,https://www.youtube.com/watch?v=MmgJGhyrfbc,MmgJGhyrfbc,15561
LUCKYLILY & BAYZE,CRAZE & MOITZ,ACAPELLA BATTLE,Accapella,2023,FOB,2023-12-28,https://www.youtube.com/watch?v=B7Ge3bBMaZ4,B7Ge3bBMaZ4,34827
MORGANA,ZEPTAH,ON BEAT BATTLE,On Beat,2023,FOB,2023-12-26,https://www.youtube.com/watch?v=VSjE_QHcZBU,VSjE_QHcZBU,7525
Kane,David Ardor,Battle,Accapella,2023,DUDL,2023-12-23,https://www.youtube.com/watch?v=5NWHlFDIezw,5NWHlFDIezw,3282
CLOCKWORK,CSN GALACTICO,ACAPELLA BATTLE,Accapella,2023,FOB,2023-12-21,https://www.youtube.com/watch?v=8t_wR5YYayI,8t_wR5YYayI,6180
SNAKEHEADRHYME,A-RON,ACAPELLA BATTLE,Accapella,2023,FOB,2023-12-17,https://www.youtube.com/watch?v=q4fXhfjI2ZU,q4fXhfjI2ZU,9477
KIRUMA,HIDING JOHN,ACAPELLA BATTLE,Accapella,2023,FOB,2023-12-17,https://www.youtube.com/watch?v=-z8Kz8svvR4,-z8Kz8svvR4,54403
KARKOBI,MOODY,ACAPELLA BATTLE,Accapella,2024,FOB,2023-12-17,https://www.youtube.com/watch?v=hvEti6vXuXY,hvEti6vXuXY,14778
SHAOLUM,EZRA,ONE-ROUNDER,Accapella,2023,FOB,2023-12-10,https://www.youtube.com/watch?v=tzwE0B9OquY,tzwE0B9OquY,4272
VYRUS,KARANOVA,ON BEAT BATTLE,On Beat,2023,FOB,2023-12-1,https://www.youtube.com/watch?v=_rMFRoKcs6M,_rMFRoKcs6M,33228
SUZIE SUH,MALIK,ACAPELLA BATTLE,Accapella,2023,FOB,2023-11-5,https://www.youtube.com/watch?v=XdxsQ5ZkBl0,XdxsQ5ZkBl0,5571
MOODY,TECEY,ACAPELLA BATTLE,Accapella,2023,FOB,2023-11-26,https://www.youtube.com/watch?v=rbNeALMPEKo,rbNeALMPEKo,3546
JOE PHARO,LITTLE SEDO,ACAPELLA BATTLE,Accapella,2023,FOB,2023-11-24,https://www.youtube.com/watch?v=5Z35PNEQB_I,5Z35PNEQB_I,9556
NASTIC,STEEL,ON BEAT BATTLE,On Beat,2023,FOB,2023-11-19,https://www.youtube.com/watch?v=w0kK3zXnnK0,w0kK3zXnnK0,75610
JEPAIN,CELUNE,ACAPELLA BATTLE,Accapella,2023,FOB,2023-11-16,https://www.youtube.com/watch?v=01-L9OSECRY,01-L9OSECRY,8524
BAYZE,M.F.L.,ACAPELLA BATTLE,Accapella,2023,FOB,2023-11-12,https://www.youtube.com/watch?v=paqgtJnfItw,paqgtJnfItw,8102
LUCKYLILY,IKKS,ACAPELLA BATTLE,Accapella,2023,FOB,2023-11-10,https://www.youtube.com/watch?v=kgZww6Ailfs,kgZww6Ailfs,11143
KOOZY,ZEPTAH,ON BEAT BATTLE,On Beat,2023,FOB,2023-11-10,https://www.youtube.com/watch?v=GGu6kpSltiw,GGu6kpSltiw,9430
Flashus Christus,B√©la Garbage,Battle,Accapella,2023,DUDL,2023-10-7,https://www.youtube.com/watch?v=ZYJzYXtGpjk,ZYJzYXtGpjk,5492
SIC68,LEOQUENT,ACAPELLA BATTLE,Accapella,2023,FOB,2023-10-29,https://www.youtube.com/watch?v=Aagl3mzXYHE,Aagl3mzXYHE,2480
TEACH,SHORTWORTH,ACAPELLA BATTLE,Accapella,2023,FOB,2023-10-27,https://www.youtube.com/watch?v=v3gjheBRFdw,v3gjheBRFdw,5300
M.F.L.,CLOCKWORK,ACAPELLA BATTLE,Accapella,2023,FOB,2023-10-21,https://www.youtube.com/watch?v=GrwKC49yyCQ,GrwKC49yyCQ,3171
DEELAH,DADDA,ACAPELLA BATTLE,Accapella,2023,FOB,2023-10-20,https://www.youtube.com/watch?v=1hXJvRr5-v0,1hXJvRr5-v0,12478
Jeystone,Karanova,Battle,Accapella,2023,DUDL,2023-10-14,https://www.youtube.com/watch?v=RDIgvgVX2XE,RDIgvgVX2XE,15076
DIAMOND,NATALI,ACAPELLA BATTLE,Accapella,2023,FOB,2023-10-13,https://www.youtube.com/watch?v=p8xbu9v5EZw,p8xbu9v5EZw,20608
Mars B.,JollyJay,Kassel,Accapella,2023,DLTLLY,2023-1-8,https://www.youtube.com/watch?v=gGQdvDUSOpo,gGQdvDUSOpo,97529
Flashus Christus,Schlawin0r,Battle,Accapella,2022,DUDL,2023-1-7,https://www.youtube.com/watch?v=NmmCLoAfZ5k,NmmCLoAfZ5k,6844
Kato,Robscure,üèÜ TITLE MATCH üèÜ,Accapella,2023,DLTLLY,2023-1-29,https://www.youtube.com/watch?v=N2dkTa_mUcg,N2dkTa_mUcg,62911
MC Rabiat,Morgana,Battle,Accapella,2022,DUDL,2023-1-28,https://www.youtube.com/watch?v=YZjDfu6_Hq4,YZjDfu6_Hq4,5956
Hiding John,MC Geuner,DISSember 6,Accapella,2023,DLTLLY,2023-1-22,https://www.youtube.com/watch?v=grXVswnsBUY,grXVswnsBUY,51054
Jindo109,Quasi,Battle,Accapella,2022,DUDL,2023-1-21,https://www.youtube.com/watch?v=tBp6PGi6uno,tBp6PGi6uno,65505
YAAMANN,TOMMY2LATE (BATTLE UM PLATZ 3),FREESTYLE BATTLE,Accapella,2023,FOB,2023-1-2,https://www.youtube.com/watch?v=01BN8cP4K2s,01BN8cP4K2s,2824
CRAZE,MURO (FINALE),FREESTYLE BATTLE,Accapella,2023,FOB,2023-1-2,https://www.youtube.com/watch?v=38oHMQzefu4,38oHMQzefu4,6387
Karanova,BanDan,DISSember 6,On Beat,2023,DLTLLY,2023-1-15,https://www.youtube.com/watch?v=4wcUZ0dY-LA,4wcUZ0dY-LA,21875
Jeystone,Vorstadtflokati,Battle,Accapella,2022,DUDL,2023-1-14,https://www.youtube.com/watch?v=VvxXsgtdpE0,VvxXsgtdpE0,6584
T-Way,Neilz,Kassel,Accapella,2023,DLTLLY,2023-1-1,https://www.youtube.com/watch?v=RlbPNOCmPdg,RlbPNOCmPdg,45210
Karanova,Aytee, Splash! Festival,On Beat,2022,DLTLLY,2022-9-4,https://www.youtube.com/watch?v=n6c9Qv8P-C8,n6c9Qv8P-C8,52773
Krom,Mighty P,Freestyle Viertelfinale 1/4,Accapella,2022,DLTLLY,2022-9-30,https://www.youtube.com/watch?v=Jh54jeD5YeU,Jh54jeD5YeU,16398
Trunkenbold,Flashus Christus,Battle,Accapella,2022,DUDL,2022-9-3,https://www.youtube.com/watch?v=NIohlGTNge8,NIohlGTNge8,7315
T-WAY,FREEKNO,ACAPELLA BATTLE,Accapella,2022,FOB,2022-9-28,https://www.youtube.com/watch?v=9l3DT26cxe8,9l3DT26cxe8,4230
JOSEPH STEINSCHLEUDER,FAIVEL,ACAPELLA BATTLE,Accapella,2022,FOB,2022-9-27,https://www.youtube.com/watch?v=aUwkQJY2Rf8,aUwkQJY2Rf8,21404
TOLLSCHOCK,PESC,ACAPELLA BATTLE,Accapella,2022,FOB,2022-9-27,https://www.youtube.com/watch?v=BwRs5JfDleQ,BwRs5JfDleQ,5654
Morgana,Kiruma,Battle,Accapella,2022,DUDL,2022-9-24,https://www.youtube.com/watch?v=sAEdAkJMRdU,sAEdAkJMRdU,18220
MORGANA,LUG SERIOUS,ON BEAT BATTLE,On Beat,2022,FOB,2022-9-2,https://www.youtube.com/watch?v=y4yjYAZK7JE,y4yjYAZK7JE,15577
MC Rabiat,Pulsar,Battle,Accapella,2022,DUDL,2022-9-17,https://www.youtube.com/watch?v=dkTL_Nv3G8Q,dkTL_Nv3G8Q,5976
VYRUS,ZEPTAH,ON BEAT BATTLE,On Beat,2022,FOB,2022-9-14,https://www.youtube.com/watch?v=Zm6fOMQaFS0,Zm6fOMQaFS0,45271
Bong Teggy,Davie Jones, Splash! Festival,On Beat,2022,DLTLLY,2022-9-11,https://www.youtube.com/watch?v=pdhbmLWMwyg,pdhbmLWMwyg,142576
DEZ,LevRudi,Battle,Accapella,2022,DUDL,2022-9-10,https://www.youtube.com/watch?v=4hkL_gTsuBc,4hkL_gTsuBc,8562
Holu,Mazzikaner,Battle,Accapella,2022,DUDL,2022-8-6,https://www.youtube.com/watch?v=1JCgK26bVhA,1JCgK26bVhA,5609
PHILLIE.45,BANDAN,ON BEAT BATTLE,On Beat,2022,FOB,2022-8-30,https://www.youtube.com/watch?v=XXSqvOu2WQs,XXSqvOu2WQs,6243
FROZEN,FREEZY,ON BEAT BATTLE,On Beat,2022,FOB,2022-8-30,https://www.youtube.com/watch?v=Gsl1naOWydI,Gsl1naOWydI,3807
PHASENKIND,LUG SERIOUS,ON BEAT BATTLE,On Beat,2022,FOB,2022-8-30,https://www.youtube.com/watch?v=FlPpnQ-dKD8,FlPpnQ-dKD8,9106
Khacoby,DirtySanchez, Splash! Festival,On Beat,2022,DLTLLY,2022-8-28,https://www.youtube.com/watch?v=s-zpW3jQqTo,s-zpW3jQqTo,29762
Jeystone,Jesazz K,Battle,Accapella,2022,DUDL,2022-8-27,https://www.youtube.com/watch?v=Hz69rjg3Kw8,Hz69rjg3Kw8,8582
BURST,KAIRUZO,ON BEAT BATTLE,On Beat,2022,FOB,2022-8-26,https://www.youtube.com/watch?v=CiPxzTK1pqw,CiPxzTK1pqw,1904
REQUIEM,HEYZEN,ON BEAT BATTLE,On Beat,2022,FOB,2022-8-25,https://www.youtube.com/watch?v=z83Zw2aMjkI,z83Zw2aMjkI,6680
T-Way,Tobi High, Splash! Festival,On Beat,2022,DLTLLY,2022-8-21,https://www.youtube.com/watch?v=tEhjlNLOuFA,tEhjlNLOuFA,21527
SnakeHeadRhyme,D-Kay,Battle,Accapella,2022,DUDL,2022-8-20,https://www.youtube.com/watch?v=huG-hq7KSZg,huG-hq7KSZg,10747
NOTYZZE,CRAZE  (BONUS BATTLE),FREESTYLE BATTLE,Accapella,2022,FOB,2022-8-18,https://www.youtube.com/watch?v=KHCHHB0LHHM,KHCHHB0LHHM,10854
CRAZE,PATO G (FINALE),FREESTYLE BATTLE,Accapella,2022,FOB,2022-8-18,https://www.youtube.com/watch?v=hr1SredLhhU,hr1SredLhhU,5535
VYRUS,JOLLE (BATTLE UM PLATZ 3),FREESTYLE BATTLE,Accapella,2022,FOB,2022-8-18,https://www.youtube.com/watch?v=iOJVqrGOgso,iOJVqrGOgso,4419
Vorstadtflokati,Latik,Battle,Accapella,2022,DUDL,2022-8-13,https://www.youtube.com/watch?v=dRDcUTdB7nE,dRDcUTdB7nE,6253
STEEL,MC COLOGNE,ON BEAT BATTLE,On Beat,2022,FOB,2022-8-12,https://www.youtube.com/watch?v=9gdlkHCY6ks,9gdlkHCY6ks,19178
Hiding John,Neilz,Battle,Accapella,2022,DUDL,2022-7-9,https://www.youtube.com/watch?v=O_9B-Ip_kkg,O_9B-Ip_kkg,65124
Julo,Cashus K.,Battle,Accapella,2022,DUDL,2022-7-30,https://www.youtube.com/watch?v=syTuhtmBwRg,syTuhtmBwRg,8477
Robscure,Falki,MAYhem 5 Festsaal Kreuzberg,Accapella,2022,DLTLLY,2022-7-3,https://www.youtube.com/watch?v=f-mF2l3hDjY,f-mF2l3hDjY,55224
Alko,Bilal,Battle,Accapella,2022,DUDL,2022-7-23,https://www.youtube.com/watch?v=02mF_h347nk,02mF_h347nk,10520
McLuvin,GR8,Battle,Accapella,2022,DUDL,2022-7-2,https://www.youtube.com/watch?v=regYrzxAfGs,regYrzxAfGs,9421
Shizu,Tao,Backstage M√ºnchen,Accapella,2022,DLTLLY,2022-7-17,https://www.youtube.com/watch?v=pbJaLLca8ec,pbJaLLca8ec,24102
LevRudi,Jesazz K,Battle,Accapella,2022,DUDL,2022-7-16,https://www.youtube.com/watch?v=LAUYmanP_6I,LAUYmanP_6I,11101
DOCMO,BEZEY,FREESTYLE BATTLE,Accapella,2022,FOB,2022-7-14,https://www.youtube.com/watch?v=pVZjfqP3MvU,pVZjfqP3MvU,1111
NOTYZZE,YAAMANN,FREESTYLE BATTLE,Accapella,2022,FOB,2022-7-14,https://www.youtube.com/watch?v=HY-hSTOAFvc,HY-hSTOAFvc,7420
NOTYZZE,PHASENKIND,FREESTYLE BATTLE,Accapella,2022,FOB,2022-7-14,https://www.youtube.com/watch?v=HD98boSKqCM,HD98boSKqCM,5591
BARETTA,OREGANO,ACAPELLA BATTLE,Accapella,2022,FOB,2022-7-14,https://www.youtube.com/watch?v=B6RjjHg62QE,B6RjjHg62QE,6109
KALP ONE,FREEKNO,ACAPELLA BATTLE,Accapella,2022,FOB,2022-7-14,https://www.youtube.com/watch?v=yU99ToSTBps,yU99ToSTBps,3521
KOOZY,KAIRUZO,ON BEAT BATTLE,On Beat,2022,FOB,2022-7-14,https://www.youtube.com/watch?v=5TCfzkPBF-o,5TCfzkPBF-o,12166
MIKESH,SSYNIC,MAYhem #5,Accapella,2022,DLTLLY,2022-7-10,https://www.youtube.com/watch?v=ccC4G3Ox27Y,ccC4G3Ox27Y,398913
Django,Zeuge,Battle,Accapella,2022,DUDL,2022-6-4,https://www.youtube.com/watch?v=rM3mXY5wEuA,rM3mXY5wEuA,12608
LATIK,NIKA,ACAPELLA BATTLE,Accapella,2022,FOB,2022-6-4,https://www.youtube.com/watch?v=ughb98BsdD8,ughb98BsdD8,2680
ROBEAZY,M.F.L.,ACAPELLA BATTLE,Accapella,2022,FOB,2022-6-30,https://www.youtube.com/watch?v=d0qAuLNmQQc,d0qAuLNmQQc,1908
Tobi High,Aytee,MAYhem 5 Festsaal Kreuzberg,Accapella,2022,DLTLLY,2022-6-26,https://www.youtube.com/watch?v=ZPeaBwUwty4,ZPeaBwUwty4,63167
B√©la Garbage,Franz Flaute,Battle,Accapella,2022,DUDL,2022-6-25,https://www.youtube.com/watch?v=e4VyBRJ4Fk4,e4VyBRJ4Fk4,9661
DASCHA,PATO G,FREESTYLE BATTLE,Accapella,2022,FOB,2022-6-24,https://www.youtube.com/watch?v=jaQXn1IHhcU,jaQXn1IHhcU,2388
PESC,LEOQUENT,ACAPELLA BATTLE,Accapella,2022,FOB,2022-6-21,https://www.youtube.com/watch?v=dsD2zPtl9UQ,dsD2zPtl9UQ,1739
MORGANA,TECEY,ACAPELLA BATTLE,Accapella,2022,FOB,2022-6-20,https://www.youtube.com/watch?v=rXsbY1b41N4,rXsbY1b41N4,3410
Pablo2k,Jeystone,Battle,Accapella,2022,DUDL,2022-6-18,https://www.youtube.com/watch?v=tuxr36FJOPs,tuxr36FJOPs,8688
OREGANO,FAIVEL,ACAPELLA BATTLE,Accapella,2022,FOB,2022-6-17,https://www.youtube.com/watch?v=ahNsdBtoNVw,ahNsdBtoNVw,7381
SnakeHeadRhyme,Kid Soldier,MAYhem 5,Accapella,2022,DLTLLY,2022-6-12,https://www.youtube.com/watch?v=3haA6pKjg5I,3haA6pKjg5I,48933
ZinZity,Karanova,Battle,Accapella,2022,DUDL,2022-6-11,https://www.youtube.com/watch?v=jY18iQanWaI,jY18iQanWaI,54560
Deytona,Maka,Spektakulum D√ºsseldorf,Accapella,2022,DLTLLY,2022-5-8,https://www.youtube.com/watch?v=nhXxVQrDp3E,nhXxVQrDp3E,18629
Bilal,RNGD,Bonus Battle DISSember 5 Berlin,Accapella,2022,DLTLLY,2022-5-6,https://www.youtube.com/watch?v=A15mdm79cLI,A15mdm79cLI,13105
NICK SHIT,EZRA,ACAPELLA BATTLE,Accapella,2022,FOB,2022-5-31,https://www.youtube.com/watch?v=-gNJ3ZjYgj0,-gNJ3ZjYgj0,1458
Kiruma,BunGee,Battle,Accapella,2022,DUDL,2022-5-28,https://www.youtube.com/watch?v=aRMwOCghSCI,aRMwOCghSCI,16966
ALKO,EMBA,ON BEAT BATTLE,On Beat,2022,FOB,2022-5-24,https://www.youtube.com/watch?v=XedbsyzqXvg,XedbsyzqXvg,4534
Bong Teggy & Papi Schlauch,Cris Kotzen & Ano-nym,2on2  Dissember5 Berlin,Accapella,2022,DLTLLY,2022-5-15,https://www.youtube.com/watch?v=kXPVliglFLM,kXPVliglFLM,116499
Davie Jones,Khacoby,DISSember 5 Berlin,Accapella,2022,DLTLLY,2022-5-1,https://www.youtube.com/watch?v=x-LvLkEzs8k,x-LvLkEzs8k,55713
CRAZYO,M.F.L. (NEWCOMER BATTLE),ACAPELLA BATTLE,Accapella,2022,FOB,2022-4-8,https://www.youtube.com/watch?v=dwxhHY6EU6Y,dwxhHY6EU6Y,1834
LITTLE SEDO,MALIK (NEWCOMER BATTLE),ACAPELLA BATTLE,Accapella,2022,FOB,2022-4-28,https://www.youtube.com/watch?v=qTnU1JNsn1Q,qTnU1JNsn1Q,2058
Hiding John,Karanova,DISSember 5 Berlin,Accapella,2022,DLTLLY,2022-4-24,https://www.youtube.com/watch?v=0AWRxf_O7N0,0AWRxf_O7N0,43352
OREGANO,BUNNEE (NEWCOMER BATTLE),ACAPELLA BATTLE,Accapella,2022,FOB,2022-4-22,https://www.youtube.com/watch?v=IpAK7JAG9aY,IpAK7JAG9aY,3437
Niza,Despo,DISSember 5 Berlin,Accapella,2022,DLTLLY,2022-4-17,https://www.youtube.com/watch?v=QOkXwlYdbQI,QOkXwlYdbQI,17703
NICK SHIT,BARETTA (NEWCOMER BATTLE),ACAPELLA BATTLE,Accapella,2022,FOB,2022-4-15,https://www.youtube.com/watch?v=UHTFPhhnook,UHTFPhhnook,1497
T-Way,DeeLah,DISSember 5 Berlin,Accapella,2022,DLTLLY,2022-4-10,https://www.youtube.com/watch?v=pc0see3ZJrM,pc0see3ZJrM,32744
Ank√ºndigung MIKESH,SSYNIC,MAYhem 5,Accapella,2022,DLTLLY,2022-3-27,https://www.youtube.com/watch?v=8SdOlGCSiyQ,8SdOlGCSiyQ,50829
PESC,LEOQUENT (NEWCOMER BATTLE),ACAPELLA BATTLE,Accapella,2022,FOB,2022-3-25,https://www.youtube.com/watch?v=1FsbrboRc0c,1FsbrboRc0c,1606
FROZEN,EZRA (NEWCOMER BATTLE),ACAPELLA BATTLE,Accapella,2022,FOB,2022-3-24,https://www.youtube.com/watch?v=6LKmFzyGKjs,6LKmFzyGKjs,1638
BURST,A-RON,ON BEAT BATTLE,On Beat,2022,FOB,2022-2-9,https://www.youtube.com/watch?v=R8lbxhWiq-M,R8lbxhWiq-M,2682
FREEZY,DESPO,ON BEAT BATTLE,On Beat,2022,FOB,2022-2-4,https://www.youtube.com/watch?v=elnma98FBPM,elnma98FBPM,5866
ZEPTAH,PHILLIE.45,ON BEAT BATTLE,On Beat,2022,FOB,2022-2-4,https://www.youtube.com/watch?v=ICuy8oTOBKw,ICuy8oTOBKw,5486
KAIRUZO,FROZEN,ON BEAT BATTLE,On Beat,2022,FOB,2022-2-2,https://www.youtube.com/watch?v=kLzU7By3Z48,kLzU7By3Z48,3628
T-WAY,KOOZY,ON BEAT BATTLE,On Beat,2022,FOB,2022-12-9,https://www.youtube.com/watch?v=pZQtoF-rlXI,pZQtoF-rlXI,9332
Papi Schlauch,Craze,  Stellwerk Hamburg,Accapella,2022,DLTLLY,2022-12-4,https://www.youtube.com/watch?v=8MwhxBFd0rk,8MwhxBFd0rk,77225
TEACH,VESSO,FREESTYLE BATTLE,Accapella,2022,FOB,2022-12-4,https://www.youtube.com/watch?v=FDh0UdIX-3g,FDh0UdIX-3g,2313
ZEPTAH,NOAH263,FREESTYLE BATTLE,Accapella,2022,FOB,2022-12-4,https://www.youtube.com/watch?v=Do5mGT8p3rQ,Do5mGT8p3rQ,2382
Duff,B-Dad,Kassel,Accapella,2022,DLTLLY,2022-12-25,https://www.youtube.com/watch?v=vs4tNDMiQbE,vs4tNDMiQbE,25272
Pulsar,Shaolum,Kassel,Accapella,2022,DLTLLY,2022-12-11,https://www.youtube.com/watch?v=xhm1GaoEThA,xhm1GaoEThA,18841
Mazzikaner,Requiem,Proving Grounds  Panke Berlin,Accapella,2022,DLTLLY,2022-11-6,https://www.youtube.com/watch?v=TAm558704I4,TAm558704I4,15486
KIRUMA,ZEPTAH,ACAPELLA BATTLE,Accapella,2022,FOB,2022-11-4,https://www.youtube.com/watch?v=fWJTrdnzJrg,fWJTrdnzJrg,15848
MC GEUNER,ROLLING G,ACAPELLA BATTLE,Accapella,2022,FOB,2022-11-3,https://www.youtube.com/watch?v=uu0PY0v7IFQ,uu0PY0v7IFQ,36624
MORGANA,DESPO,ACAPELLA BATTLE,Accapella,2022,FOB,2022-11-28,https://www.youtube.com/watch?v=cr7jeZoQa4Y,cr7jeZoQa4Y,5082
LEONNN,CLOUDSURFER,ACAPELLA BATTLE,Accapella,2022,FOB,2022-11-28,https://www.youtube.com/watch?v=YdcZBjLyUdQ,YdcZBjLyUdQ,2985
MC COLOGNE,LEOQUENT,ACAPELLA BATTLE,Accapella,2022,FOB,2022-11-28,https://www.youtube.com/watch?v=srliH-T5M4I,srliH-T5M4I,2679
Jack Dragon,Tollschock,  Stellwerk Hamburg,Accapella,2022,DLTLLY,2022-11-27,https://www.youtube.com/watch?v=BJFMwGvMeqY,BJFMwGvMeqY,17590
Shortworth,Kairuzo,Proving Grounds  Panke Berlin,Accapella,2022,DLTLLY,2022-11-25,https://www.youtube.com/watch?v=moff7jTB0Hk,moff7jTB0Hk,10537
DASCHA,NOTYZZE,FREESTYLE BATTLE,Accapella,2022,FOB,2022-11-20,https://www.youtube.com/watch?v=Rn3E7Ggt1eI,Rn3E7Ggt1eI,13097
NOTYZZE,DIZZEPTICON,FREESTYLE BATTLE,Accapella,2022,FOB,2022-11-14,https://www.youtube.com/watch?v=bJE9flpMmRE,bJE9flpMmRE,6018
Joseph Steinschleuder,Hiding John,  Stellwerk Hamburg,Accapella,2022,DLTLLY,2022-11-13,https://www.youtube.com/watch?v=y6t8jKfD-AE,y6t8jKfD-AE,42513
Aytee,Galv,Berlin 9th Birthday,On Beat,2022,DLTLLY,2022-10-9,https://www.youtube.com/watch?v=jD054e2cdBw,jD054e2cdBw,42850
Fate,Davie Jones,Freestyle Viertelfinale 3/4,Accapella,2022,DLTLLY,2022-10-7,https://www.youtube.com/watch?v=05TK5EPBr0Y,05TK5EPBr0Y,16336
Tobi High,Wolff,Berlin 9th Birthday,Accapella,2022,DLTLLY,2022-10-3,https://www.youtube.com/watch?v=k3BrRmzQiho,k3BrRmzQiho,59806
Krom,Fate,Freestyle Halbfinale 2/2,Accapella,2022,DLTLLY,2022-10-23,https://www.youtube.com/watch?v=Li-qeNs1KpU,Li-qeNs1KpU,16090
Notyzze,Shizu,Freestyle Viertelfinale 2/4,Accapella,2022,DLTLLY,2022-10-2,https://www.youtube.com/watch?v=ZrSdgJqcZoE,ZrSdgJqcZoE,18612
Hiding John,Lyrico,Berlin 9th Birthday,Accapella,2022,DLTLLY,2022-10-16,https://www.youtube.com/watch?v=DfqZW-U6Pt8,DfqZW-U6Pt8,74734
HEINZ87,OREGANO,ACAPELLA BATTLE,Accapella,2022,FOB,2022-10-14,https://www.youtube.com/watch?v=TRUrdcR5wIw,TRUrdcR5wIw,9591
HOLU,MC RABIAT,ACAPELLA BATTLE,Accapella,2022,FOB,2022-10-14,https://www.youtube.com/watch?v=N9pjDq1PXRU,N9pjDq1PXRU,2245
CRAZE & PHILLIE.45,VYRUS & FREEZY,ON BEAT BATTLE,On Beat,2022,FOB,2022-10-14,https://www.youtube.com/watch?v=ldSXHCj1nOM,ldSXHCj1nOM,68494
Kato,Craze,Freestyle Viertelfinale 4/4,Accapella,2022,DLTLLY,2022-10-14,https://www.youtube.com/watch?v=EutFE-eb8sc,EutFE-eb8sc,17077
Julo,Joseph Steinschleuder,Battle,Accapella,2022,DUDL,2022-10-1,https://www.youtube.com/watch?v=OZXeAAAO5J4,OZXeAAAO5J4,35641
Joseph Steinschleuder,Tobi High,Battle,Accapella,2021,DUDL,2022-1-8,https://www.youtube.com/watch?v=cblMd5dP52g,cblMd5dP52g,56139
BANDAN,T-WAY,ON BEAT BATTLE,On Beat,2022,FOB,2022-1-31,https://www.youtube.com/watch?v=yuTFKFCHHRs,yuTFKFCHHRs,4453
LATIK,TEACH,ACAPELLA BATTLE,Accapella,2022,FOB,2022-1-30,https://www.youtube.com/watch?v=m5T71FIBKeE,m5T71FIBKeE,4669
TOLLSCHOCK,BURST,ACAPELLA BATTLE,Accapella,2022,FOB,2022-1-27,https://www.youtube.com/watch?v=0Nu4Vs4yFik,0Nu4Vs4yFik,6231
T-Way,Karanova,Battle,Accapella,2021,DUDL,2022-1-1,https://www.youtube.com/watch?v=O1gK-lc2744,O1gK-lc2744,25090
Vorstadtflokati,Maka,Proving Grounds Vol. 1,Accapella,2021,DLTLLY,2021-9-5,https://www.youtube.com/watch?v=1a8hepLi7tM,1a8hepLi7tM,13603
Proton,Bandan,M√ºnchen,On Beat,2021,DLTLLY,2021-9-24,https://www.youtube.com/watch?v=2ZpsOZntjdQ,2ZpsOZntjdQ,15836
Tollschock,MC Geuner,Proving Grounds Vol. 1,Accapella,2021,DLTLLY,2021-9-12,https://www.youtube.com/watch?v=EPxRnWn0yFM,EPxRnWn0yFM,27246
Robscure,Hiding John,Summer Vibes 2021,Accapella,2021,DLTLLY,2021-8-8,https://www.youtube.com/watch?v=S4QLxawNqdA,S4QLxawNqdA,39478
Julo,BDad,Proving Grounds Vol. 1,Accapella,2021,DLTLLY,2021-8-29,https://www.youtube.com/watch?v=tcNaMgkL0ds,tcNaMgkL0ds,24417
Moitz,Heinz87,Proving Grounds Vol. 1,Accapella,2021.0,DLTLLY,2021-8-22,https://www.youtube.com/watch?v=HqgNJu5VcGI,HqgNJu5VcGI,14496.0
Liser,Niza,Proving Grounds Vol. 1,Accapella,2021,DLTLLY,2021-8-15,https://www.youtube.com/watch?v=d50Tv7s_7zY,d50Tv7s_7zY,38272
Kato,Indoor Stan (OnBeat),Summer Vibes 2021,On Beat,2021,DLTLLY,2021-8-1,https://www.youtube.com/watch?v=X6kOp_8oxBU,X6kOp_8oxBU,28760
Mars B.,BX,Hidden Gems 2,Accapella,2021,DLTLLY,2021-7-4,https://www.youtube.com/watch?v=_pAlmhNLPgk,_pAlmhNLPgk,22261
Joseph Steinschleuder,Natif,Summer Vibes 2021,Accapella,2021,DLTLLY,2021-7-25,https://www.youtube.com/watch?v=RPMJJLT995U,RPMJJLT995U,40938
Phasenkind,Ryko-J,Battle,On Beat,2021,DLTLLY,2021-7-18,https://www.youtube.com/watch?v=LVHZ_t-xy48,LVHZ_t-xy48,27940
Phasenkind,Ferry,Hidden Gems 2,Accapella,2021,DLTLLY,2021-6-6,https://www.youtube.com/watch?v=W77oeyxkAqU,W77oeyxkAqU,13818
SnakeHeadRhyme,Hiding John,Hidden Gems 2,Accapella,2021,DLTLLY,2021-6-27,https://www.youtube.com/watch?v=bDWcsbukE34,bDWcsbukE34,32732
Gerro,Tao,Hidden Gems 2,Accapella,2021,DLTLLY,2021-6-13,https://www.youtube.com/watch?v=OedxSC21Q7c,OedxSC21Q7c,11873
Wolff,Craze,Hidden Gems,Accapella,2021,DLTLLY,2021-5-30,https://www.youtube.com/watch?v=8uoJU-abyag,8uoJU-abyag,37779
Joseph Steinschleuder,Bahamakarma,Hidden Gems,Accapella,2021,DLTLLY,2021-5-23,https://www.youtube.com/watch?v=UnPT7EzAH8I,UnPT7EzAH8I,30220
Joe Pharo,SnakeHeadRhyme,Hidden Gems,Accapella,2021,DLTLLY,2021-5-2,https://www.youtube.com/watch?v=otH1IrojW_o,otH1IrojW_o,19818
Indoor Stan,DeeLah,could not identify event,On Beat,2021,DLTLLY,2021-5-16,https://www.youtube.com/watch?v=fPBGqZNJ1ho,fPBGqZNJ1ho,19455
Neilz,FreeKno,Breakthrough Halbfinale,Accapella,2021,DLTLLY,2021-4-25,https://www.youtube.com/watch?v=wZYLJenaGyg,wZYLJenaGyg,19700
Mars B.,MC Geuner,STREET BATTLES 2021,Accapella,2021.0,DLTLLY,2021-3-28,https://www.youtube.com/watch?v=-Drz-WlVUYY,-Drz-WlVUYY,48063.0
Niza,Devasberg,NRWeekend 5,Accapella,2021,DLTLLY,2021-12-5,https://www.youtube.com/watch?v=_QVu_4_lKPw,_QVu_4_lKPw,17540
Wolff,MC Geuner,Battle,Accapella,2021,DUDL,2021-12-4,https://www.youtube.com/watch?v=b-UoZVuRk8o,b-UoZVuRk8o,27689
Khacoby,DeeLah,NRWeekend 5,Accapella,2021,DLTLLY,2021-12-26,https://www.youtube.com/watch?v=0TzaYVDPlWs,0TzaYVDPlWs,45611
Lug Serious,Zeuge,Battle,Accapella,2021,DUDL,2021-12-25,https://www.youtube.com/watch?v=eZEkBQHj1Zw,eZEkBQHj1Zw,11712
Maka,Heinz87,NRWeekend 5,Accapella,2021,DLTLLY,2021-12-24,https://www.youtube.com/watch?v=M9ljmm81bj8,M9ljmm81bj8,16007
MADAME CHAOT,REQUIEM,ACAPELLA BATTLE,Accapella,2021,FOB,2021-12-23,https://www.youtube.com/watch?v=f7Ie40PCgKE,f7Ie40PCgKE,18271
Herr S√∂ren,Holu,Battle,Accapella,2021,DUDL,2021-12-18,https://www.youtube.com/watch?v=kSiZzKaRn_M,kSiZzKaRn_M,9010
Hiding John,Mars B.,NRWeekend 5,Accapella,2021,DLTLLY,2021-12-12,https://www.youtube.com/watch?v=waIf0MlTjyA,waIf0MlTjyA,112288
Joe Pharo,Kid Soldier,Battle,Accapella,2021,DUDL,2021-12-11,https://www.youtube.com/watch?v=v-UUweDkH68,v-UUweDkH68,35468
Atropatrap,Natif,NRWeekend 5,Accapella,2021,DLTLLY,2021-12-10,https://www.youtube.com/watch?v=mLz-MOsV9eY,mLz-MOsV9eY,41666
Mighty P,Papi Schlauch / Viertelfinale - Freestyle Turnier / ProvingGrounds 2 Rapbattles / DLTLLY DurationPT5M Uploaded2021-11-9 Views19395 ChannelDLTLLY,battlerap culture Thumbnail:https:,Accapella,2021.0,DLTLLY,2021-11-9,https://www.youtube.com/watch?v=MkO4Kivu-oc,MkO4Kivu-oc,19395.0
Kato,Craze,B-DAY #8,Accapella,2021.0,DLTLLY,2021-11-7,https://www.youtube.com/watch?v=tQxf0_g0Qyo,tQxf0_g0Qyo,96728.0
Schlawin0r,Franciss,Battle,Accapella,2021,DUDL,2021-11-6,https://www.youtube.com/watch?v=UJw2kUbdKRc,UJw2kUbdKRc,6728
Notyzze,Leanders,Viertelfinale - Freestyle Turnier,Accapella,2021.0,DLTLLY,2021-11-5,https://www.youtube.com/watch?v=P3jJnu84jso,P3jJnu84jso,20794.0
Dizzepticon,Koozy,NRWeekend 5,On Beat,2021,DLTLLY,2021-11-28,https://www.youtube.com/watch?v=44GWsXgZyNs,44GWsXgZyNs,20051
Phasenkind,SnakeHeadRhyme,Battle,Accapella,2021,DUDL,2021-11-27,https://www.youtube.com/watch?v=rnhrlt8rjHo,rnhrlt8rjHo,15497
Julo,Gerro,NRWeekend 5,Accapella,2021.0,DLTLLY,2021-11-21,https://www.youtube.com/watch?v=JFRhtS_YE9A,JFRhtS_YE9A,27948.0
Latik,Julo,Battle,Accapella,2021,DUDL,2021-11-20,https://www.youtube.com/watch?v=JsYSZtd2KMg,JsYSZtd2KMg,6467
EKHEAD,PESC,ACAPELLA BATTLE,Accapella,2021,FOB,2021-11-18,https://www.youtube.com/watch?v=0J9DKWtyvQ0,0J9DKWtyvQ0,3592
DEMUTRAS,REQUIEM,ACAPELLA BATTLE,Accapella,2021,FOB,2021-11-18,https://www.youtube.com/watch?v=SGn3uMPhtTk,SGn3uMPhtTk,3092
Davie Jones,Shizu,Viertelfinale - Freestyle Turnier,Accapella,2021.0,DLTLLY,2021-11-12,https://www.youtube.com/watch?v=00PsDnNc0tE,00PsDnNc0tE,18770.0
Requiem,Malik,Battle,Accapella,2021,DUDL,2021-11-12,https://www.youtube.com/watch?v=nAOzsb5R0jQ,nAOzsb5R0jQ,8182
Karanova,Mars B.,B-DAY #8,Accapella,2021.0,DLTLLY,2021-10-31,https://www.youtube.com/watch?v=XW5F33vQEBE,XW5F33vQEBE,54357.0
MC Rabiat,P.S. Jiggy,Battle,Accapella,2021,DUDL,2021-10-29,https://www.youtube.com/watch?v=SAsznYYz40M,SAsznYYz40M,9526
Aura,Desperados,Proving Grounds #2,Accapella,2021,DLTLLY,2021-10-29,https://www.youtube.com/watch?v=L-11Ys1jPbk,L-11Ys1jPbk,21250
LEANDERS,TEACH,ACAPELLA BATTLE,Accapella,2021,FOB,2021-10-24,https://www.youtube.com/watch?v=YNP98QxWD9A,YNP98QxWD9A,5487
LATIK,TECEY,ACAPELLA BATTLE,Accapella,2021,FOB,2021-10-24,https://www.youtube.com/watch?v=yOKjgjTx598,yOKjgjTx598,4430
MUSIO,NATIF,ACAPELLA BATTLE,Accapella,2021,FOB,2021-10-24,https://www.youtube.com/watch?v=76GHLjt3_Q4,76GHLjt3_Q4,7772
RALLE,DASCHA,ACAPELLA BATTLE,Accapella,2020,FOB,2021-10-24,https://www.youtube.com/watch?v=isjvzmQO3MI,isjvzmQO3MI,3856
TRIPLE (TRIPLEBEAT),DASCHA,ACAPELLA BATTLE,Accapella,2021,FOB,2021-10-24,https://www.youtube.com/watch?v=DR_Ah6-tL4A,DR_Ah6-tL4A,8764
DESPO,MC COLOGNE,ON BEAT BATTLE,On Beat,2021,FOB,2021-10-24,https://www.youtube.com/watch?v=l5WLfkde9bY,l5WLfkde9bY,2568
MC GEUNER,JULO,ACAPELLA BATTLE,Accapella,2021,FOB,2021-10-24,https://www.youtube.com/watch?v=EOkj_xbRKyo,EOkj_xbRKyo,16408
DESPO,DOCMO,ACAPELLA BATTLE,Accapella,2020,FOB,2021-10-24,https://www.youtube.com/watch?v=iOCwuBA9Bm0,iOCwuBA9Bm0,3196
DESPO & LEANDERS,BANDAN & RINGELNATZ,ACAPELLA BATTLE,Accapella,2021,FOB,2021-10-24,https://www.youtube.com/watch?v=Lmsc-4QD8cU,Lmsc-4QD8cU,6898
Neilz,Deytona,B-DAY #8,Accapella,2021,DLTLLY,2021-10-24,https://www.youtube.com/watch?v=Uo9V26OqyLw,Uo9V26OqyLw,50705
Joseph Steinschleuder,A-Ron,B-DAY #8,Accapella,2021,DLTLLY,2021-10-22,https://www.youtube.com/watch?v=11038rqoQr0,11038rqoQr0,29830
Bong Teggy,Koozy,B-Day #8,On Beat,2021,DLTLLY,2021-10-17,https://www.youtube.com/watch?v=ADHXjLh3t58,ADHXjLh3t58,144659
Joseph Steinschleuder (aka Merlin),Tobi High,B-DAY #8 Berlin,Accapella,2021,DLTLLY,2021-10-15,https://www.youtube.com/watch?v=ErS3GzWV5EI,ErS3GzWV5EI,36915
Silence,Franz Flaute D&DL#0156 (Berlin,-CoEvent,Accapella,2020,DUDL,2020-4-8,https://www.youtube.com/watch?v=AkDqmXszYWA,AkDqmXszYWA,9673
MC Rabiat,Jepain D&DL#0158 (Berlin,-CoEvent,Accapella,2020,DUDL,2020-4-1,https://www.youtube.com/watch?v=S-QZgsCSZd8,S-QZgsCSZd8,10327
Alko,Baretta D&DL#0154 (Berlin,-CoEvent,Accapella,2020,DUDL,2020-3-30,https://www.youtube.com/watch?v=4oV8qkTZtmQ,4oV8qkTZtmQ,12913
Corner,Maka D&DL#0155 (Berlin,-CoEvent,Accapella,2020,DUDL,2020-3-25,https://www.youtube.com/watch?v=2Alsg7pneZU,2Alsg7pneZU,13279
Julo,Django D&DL#0153 (Krefeld,-CoEvent,Accapella,2019,DUDL,2020-1-1,https://www.youtube.com/watch?v=p-4EgTDFaAg,p-4EgTDFaAg,8886
Pulsar,Shker D&DL#0132 (Halle,Move &#39;n&#39; Culture Festival-CoEvent,Accapella,2019,DUDL,2019-9-25,https://www.youtube.com/watch?v=so7-Y7-fv7Y,so7-Y7-fv7Y,6813
DLTLLY+D&DL  Ortcutt,Steel,Runde1 Berlin,Accapella,2019,DUDL,2019-7-5,https://www.youtube.com/watch?v=CPwOU-cEeE0,CPwOU-cEeE0,15915
DLTLLY+D&DL  Phasenkind,Kl√∂10,Runde1 Berlin,Accapella,2019,DUDL,2019-7-3,https://www.youtube.com/watch?v=6tEH2aGB7_Y,6tEH2aGB7_Y,17516
DLTLLY+D&DL  Arbeitstitel,Hiding John,Runde1 Berlin,Accapella,2019,DUDL,2019-6-26,https://www.youtube.com/watch?v=rWZkTI11c8Y,rWZkTI11c8Y,25069
DLTLLY+D&DL  Tollschock,Silence,Runde1 Berlin,Accapella,2019,DUDL,2019-6-21,https://www.youtube.com/watch?v=zV3N2PCfxac,zV3N2PCfxac,16559
DLTLLY+D&DL  Mazzikaner,K.O. Ray,Runde1 Berlin,Accapella,2019,DUDL,2019-6-19,https://www.youtube.com/watch?v=sS6-j7wbm6o,sS6-j7wbm6o,14632
DLTLLY+D&DL  Lucky Number,ZinZity,Runde1 Berlin,Accapella,2019,DUDL,2019-6-14,https://www.youtube.com/watch?v=c0j-SjApuO0,c0j-SjApuO0,92562
DLTLLY+D&DL  Paleiacci,Sikk Whalee,Runde1 Berlin,Accapella,2019,DUDL,2019-6-12,https://www.youtube.com/watch?v=8mePOEi9G-4,8mePOEi9G-4,15149
B√©la Garbage,Eddie Tude D&DL#0131 (Berlin,-CoEvent,Accapella,2019,DUDL,2019-2-27,https://www.youtube.com/watch?v=QKTtGKUnz-Q,QKTtGKUnz-Q,7433
OstrichO,MC Rabiat D&DL#0130 (Berlin,-CoEvent,Accapella,2019,DUDL,2019-2-20,https://www.youtube.com/watch?v=riW57gZu4wA,riW57gZu4wA,6437
Cartoon,Schlawin0r D&DL#0147 (Berlin,-CoEvent,Accapella,2019,DUDL,2019-12-4,https://www.youtube.com/watch?v=uHhCVo5FaXA,uHhCVo5FaXA,7220
Stepho,Sejo D&DL#0149 (Krefeld,-CoEvent,Accapella,2019,DUDL,2019-12-30,https://www.youtube.com/watch?v=VN2Jj5wdzf8,VN2Jj5wdzf8,4433
SiC68,Lug Serious D&DL#0152 (Krefeld,-CoEvent,Accapella,2019,DUDL,2019-12-25,https://www.youtube.com/watch?v=hiVeDwqBMAU,hiVeDwqBMAU,6110
Trafalgar47,Vorstadtflokati D&DL#0150 (Krefeld,-CoEvent,Accapella,2019,DUDL,2019-12-23,https://www.youtube.com/watch?v=EjBaQPaVBB4,EjBaQPaVBB4,6842
Nick Shit,Morgana D&DL#0146 (Berlin,-CoEvent,Accapella,2019,DUDL,2019-12-2,https://www.youtube.com/watch?v=XIGXQ1nDR7s,XIGXQ1nDR7s,6756
Ralle,Herr S√∂ren D&DL#0151 (Krefeld,-CoEvent,Accapella,2019,DUDL,2019-12-18,https://www.youtube.com/watch?v=RgsfS0R9Zw4,RgsfS0R9Zw4,8148
Milio,Plural D&DL#0148 (Berlin,-CoEvent,Accapella,2019,DUDL,2019-12-11,https://www.youtube.com/watch?v=Kb1di9tsUg4,Kb1di9tsUg4,5448
Ekta,Frozen D&DL#0143 (Ludwigshafen,MusicGourm√©tz-CoEvent,Accapella,2019,DUDL,2019-11-27,https://www.youtube.com/watch?v=0hphYeZF-7E,0hphYeZF-7E,6514
Jepain,Kaliba D&DL#0145 (Ludwigshafen,MusicGourm√©tz-CoEvent,Accapella,2019,DUDL,2019-11-20,https://www.youtube.com/watch?v=FLpo3lNamXs,FLpo3lNamXs,6208
XtraHerb,Zheka D&DL#0144 (Ludwigshafen,MusicGourm√©tz-CoEvent,Accapella,2019,DUDL,2019-11-18,https://www.youtube.com/watch?v=rRxKa443nq0,rRxKa443nq0,9451
Friedrich Chilla,Tommen D&DL#0137 (Bremen,Der Norden-CoEvent,Accapella,2019,DUDL,2019-11-1,https://www.youtube.com/watch?v=eTJ6O-3pFE4,eTJ6O-3pFE4,7310
Franz Flaute,Nika D&DL#0134 (Halle,Move &#39;n&#39; Culture Festival-CoEvent,Accapella,2019.0,DUDL,2019-10-9,https://www.youtube.com/watch?v=H5cwWICWP9Q,H5cwWICWP9Q,8535.0
Ali Smart,Gin Tomek D&DL#0139 (Bremen,Der Norden-CoEvent,Accapella,2019,DUDL,2019-10-30,https://www.youtube.com/watch?v=Yl14HGtptyM,Yl14HGtptyM,6195
Alko,Maru D&DL#0140 (Bremen,Der Norden-CoEvent,Accapella,2019,DUDL,2019-10-28,https://www.youtube.com/watch?v=7-zmJH0dxho,7-zmJH0dxho,5516
P-Haze,Torb√§ng D&DL#0141 (Bremen,Der Norden-CoEvent,Accapella,2019,DUDL,2019-10-25,https://www.youtube.com/watch?v=yJJZjoZqHyU,yJJZjoZqHyU,5424
BrahMC,Moby Deep D&DL#0138 (Bremen,Der Norden-CoEvent,Accapella,2019,DUDL,2019-10-23,https://www.youtube.com/watch?v=43Ko11ZOZTE,43Ko11ZOZTE,5563
Doga,Malik D&DL#0133 (Halle,Move &#39;n&#39; Culture Festival-CoEvent,Accapella,2019,DUDL,2019-10-2,https://www.youtube.com/watch?v=4mFYhFng1AE,4mFYhFng1AE,5292
Audienzz,B√©la Garbage D&DL#0136 (Halle,Move &#39;n&#39; Culture Festival-CoEvent,Accapella,2019,DUDL,2019-10-18,https://www.youtube.com/watch?v=uLpUUufc6rE,uLpUUufc6rE,4121
Ortcutt,Mazzikaner D&DL#0135 (Halle,Move &#39;n&#39; Culture Festival-CoEvent,Accapella,2019,DUDL,2019-10-16,https://www.youtube.com/watch?v=gNn3O1N0tos,gNn3O1N0tos,5928
MC Rabiat,Private Max D&DL#0120 (Berlin,-CoEvent,Accapella,2018,DUDL,2018-9-5,https://www.youtube.com/watch?v=3_DeFI2Jst0,3_DeFI2Jst0,4587
Pretty Shitty Jiggy,Zeuge D&DL#0122 (Berlin,-CoEvent,Accapella,2018,DUDL,2018-9-21,https://www.youtube.com/watch?v=Ptf2GjS1Heg,Ptf2GjS1Heg,5729
Craze,Eddie Tude D&DL#0121 (Berlin,-CoEvent,Accapella,2018,DUDL,2018-9-12,https://www.youtube.com/watch?v=pPKq1J_fk5g,pPKq1J_fk5g,8352
J.W. Goethe,DFVK D&DL#0119 (Hamburg,2018,Accapella,2018,DUDL,2018-8-1,https://www.youtube.com/watch?v=XiEaDXbgTOc,XiEaDXbgTOc,4694
Tao,A-Ron D&DL#0117 (Berlin,-CoEvent,Accapella,2018,DUDL,2018-7-4,https://www.youtube.com/watch?v=kVXQiE09o5Q,kVXQiE09o5Q,6265
Josen,Kid Soldier D&DL#0118 (Hamburg,2018,Accapella,2018,DUDL,2018-7-18,https://www.youtube.com/watch?v=zO_sCdE_GC4,zO_sCdE_GC4,11753
Henker,SeBa D&DL#0112 (Essen,2018,Accapella,2018,DUDL,2018-6-6,https://www.youtube.com/watch?v=EaBkot2Iumk,EaBkot2Iumk,5938
O&#39;spella,Rupert69 D&DL#0115 (Berlin,-CoEvent,Accapella,2018,DUDL,2018-6-30,https://www.youtube.com/watch?v=thvwa2GA4TY,thvwa2GA4TY,4030
MC Lauch,Herr S√∂ren D&DL#0114 (Essen,2018,Accapella,2018,DUDL,2018-6-2,https://www.youtube.com/watch?v=Cyxilq52yW8,Cyxilq52yW8,8225
Highdemann,Julo D&DL#0113 (Essen,2018,Accapella,2018,DUDL,2018-6-13,https://www.youtube.com/watch?v=SGZT5qPenuM,SGZT5qPenuM,7877
Dyas,SnakeHeadRhyme D&DL#0109 (Berlin,2018,Accapella,2018,DUDL,2018-5-5,https://www.youtube.com/watch?v=DrGC8vf46YE,DrGC8vf46YE,6118
Paze,Zeuge D&DL#0111 (Essen,2018,Accapella,2018,DUDL,2018-5-30,https://www.youtube.com/watch?v=cMme7MVfzlk,cMme7MVfzlk,5111
Gusy,Micky Haze D&DL#0107 (Stuttgart,2018,Accapella,2018,DUDL,2018-5-2,https://www.youtube.com/watch?v=04_j-wKwruQ,04_j-wKwruQ,4633
Malik N.,Hillston D&DL#0108 (Berlin,2018,Accapella,2018,DUDL,2018-5-16,https://www.youtube.com/watch?v=XQVJrBoiwPk,XQVJrBoiwPk,3444
Kyu,Tommen D&DL#0110 (Berlin,2018,Accapella,2018,DUDL,2018-5-12,https://www.youtube.com/watch?v=vcdMwQZNFIA,vcdMwQZNFIA,4001
Schleswig-Prollstein,Opti + R√∂ D&DL#0101 (Berlin,-CoEvent,Accapella,2018,DUDL,2018-4-4,https://www.youtube.com/watch?v=s04C_8fOsJA,s04C_8fOsJA,9303
FARE,Dizzepticon D&DL#0106 (Stuttgart,2018,Accapella,2018,DUDL,2018-4-28,https://www.youtube.com/watch?v=VvM1Iz5Zo6o,VvM1Iz5Zo6o,5494
Slappy,Tao D&DL#0105 (Stuttgart,2018,Accapella,2018,DUDL,2018-4-25,https://www.youtube.com/watch?v=Y0UEpKbuN04,Y0UEpKbuN04,3701
ChinookA,Michael Dope D&DL#0104 (Stuttgart,2018,Accapella,2018,DUDL,2018-4-21,https://www.youtube.com/watch?v=H9QpMaRaOuw,H9QpMaRaOuw,4101
ViruS + KingPin,Eczo + Heynsch D&DL#0100 (Berlin,-CoEvent,Accapella,2018,DUDL,2018-4-2,https://www.youtube.com/watch?v=wImLFbzyPBs,wImLFbzyPBs,8090
A-Ron,PrettyShittyJiggy D&DL#0103 (Stuttgart,2018,Accapella,2018,DUDL,2018-4-18,https://www.youtube.com/watch?v=k6DLGl60vUE,k6DLGl60vUE,6357
Ringelnatz + DNA,Verz + Andi B. D&DL#0125 (Halle,Move &#39;n&#39; Culture Festival-CoEvent,Accapella,2018,DUDL,2018-11-14,https://www.youtube.com/watch?v=wTM1FhA1mww,wTM1FhA1mww,9808
Gregg,Audienzz D&DL#0126 (Halle,Move &#39;n&#39; Culture Festival-CoEvent,Accapella,2018,DUDL,2018-10-31,https://www.youtube.com/watch?v=USUTGcYZFdk,USUTGcYZFdk,3581
B√©la Garbage,Lug Serious D&DL#0124 (Halle,Move &#39;n&#39; Culture Festival-CoEvent,Accapella,2018,DUDL,2018-10-3,https://www.youtube.com/watch?v=Aaiz_iVu6_Q,Aaiz_iVu6_Q,5033
Josen,Dexta D&DL#0123 (Halle,Move &#39;n&#39; Culture Festival-CoEvent,Accapella,2018,DUDL,2018-10-24,https://www.youtube.com/watch?v=gmWKQ2I8wpU,gmWKQ2I8wpU,3044
Virus,IZL D&DL#0128 (Halle,Move &#39;n&#39; Culture Festival-CoEvent,Accapella,2018,DUDL,2018-10-18,https://www.youtube.com/watch?v=Vr9WJVfLnwU,Vr9WJVfLnwU,3044
SnakeHeadRhyme,Chinooka D&DL#0129 (Halle,Move &#39;n&#39; Culture Festival-CoEvent,Accapella,2018,DUDL,2018-10-10,https://www.youtube.com/watch?v=BuzP2YHdC4w,BuzP2YHdC4w,5959
TableddnTimmy,Joseph Steinschleuder D&DL#0099 (Berlin,2017,Accapella,2017,DUDL,2018-1-31,https://www.youtube.com/watch?v=7XEQc4Uixvg,7XEQc4Uixvg,41291
DEZ,Noone D&DL#0098 (Berlin,2017,Accapella,2017,DUDL,2018-1-24,https://www.youtube.com/watch?v=0tkSP6s8_uM,0tkSP6s8_uM,4735
Splopf,Shizu D&DL#0097 (Berlin,2017,Accapella,2017,DUDL,2018-1-17,https://www.youtube.com/watch?v=C4xri1oyMvQ,C4xri1oyMvQ,4618
Julo,SinTony D&DL#0096 (Berlin,2017,Accapella,2017,DUDL,2018-1-10,https://www.youtube.com/watch?v=9TPjSYw4jbI,9TPjSYw4jbI,5019
H√∂rsturz,Nicht Dein Typ D&DL#0067 (Ludwigshafen,2017,Accapella,2017,DUDL,2017-9-9,https://www.youtube.com/watch?v=TpQrcZRl7rE,TpQrcZRl7rE,4467
Bubba T,MC Lauch D&DL#0063 (Ludwigshafen,2017,Accapella,2017,DUDL,2017-9-6,https://www.youtube.com/watch?v=seh2mg2LFV8,seh2mg2LFV8,4116
Ralle,Phillie D&DL#0074 (Bonn,2017,Accapella,2017,DUDL,2017-9-30,https://www.youtube.com/watch?v=9WY-jqLTF2Y,9WY-jqLTF2Y,3190
Shortworth,RenetiXX D&DL#0071 (Berlin,2017,Accapella,2017,DUDL,2017-9-23,https://www.youtube.com/watch?v=_SbPwHKWPCw,_SbPwHKWPCw,4583
Part-Tron,Paze D&DL#0069 (Berlin,2017,Accapella,2017,DUDL,2017-9-20,https://www.youtube.com/watch?v=apTMCWrtJx0,apTMCWrtJx0,3553
Eczo,Jozef104 D&DL#0070(Berlin,2017,Accapella,2017,DUDL,2017-9-16,https://www.youtube.com/watch?v=a4XDYKUDuAg,a4XDYKUDuAg,4273
Harry,Adam D&DL#0068 (Mannheim,2017,Accapella,2017.0,DUDL,2017-9-13,https://www.youtube.com/watch?v=ggzh6IzcEHQ,ggzh6IzcEHQ,3094.0
Ars,Wux Brofer D&DL#0065 (Ludwigshafen,2017,Accapella,2017,DUDL,2017-9-11,https://www.youtube.com/watch?v=sq-_SOiyZoA,sq-_SOiyZoA,4012
Scamp,Paperbite D&DL#0066 (Ludwigshafen,2017,Accapella,2017,DUDL,2017-9-1,https://www.youtube.com/watch?v=-mapSli5wm8,-mapSli5wm8,3937
Reinecken,IZL D&DL#0056 (Halle,2017,Accapella,2017,DUDL,2017-8-9,https://www.youtube.com/watch?v=VnUHcRdCdhI,VnUHcRdCdhI,3259
Noone,Fab D&DL#0055 (Berlin,2017,Accapella,2017,DUDL,2017-8-7,https://www.youtube.com/watch?v=cS6ANNMsBvw,cS6ANNMsBvw,7338
Ilhan,Balavababa D&DL#0054 (Berlin,2017,Accapella,2017,DUDL,2017-8-5,https://www.youtube.com/watch?v=PRd0MOIgHkI,PRd0MOIgHkI,10087
Abrupt,Gusy D&DL#0052 (Berlin,2017,Accapella,2017,DUDL,2017-8-3,https://www.youtube.com/watch?v=HmfqmTGGWG0,HmfqmTGGWG0,3319
Wolff,FlaKiT D&DL#0061 (Berlin,2017,Accapella,2017,DUDL,2017-8-25,https://www.youtube.com/watch?v=LxqqUUX-HkI,LxqqUUX-HkI,14655
Hopeless MC,D.E.Z. D&DL#0062 (Berlin,2017,Accapella,2017,DUDL,2017-8-23,https://www.youtube.com/watch?v=8jdukosjugQ,8jdukosjugQ,3929
MC Schub,O&#39;Spella D&DL#0059 (Berlin,2017,Accapella,2017,DUDL,2017-8-21,https://www.youtube.com/watch?v=9rRmgC6mvyk,9rRmgC6mvyk,3064
Demo MC,Cemo Dafuq D&DL#0060 (Berlin,2017,Accapella,2017,DUDL,2017-8-19,https://www.youtube.com/watch?v=Qmsi3Hlj1Vc,Qmsi3Hlj1Vc,3178
Mave,H√∂rsturz D&DL#0058 (Halle,2017,Accapella,2017,DUDL,2017-8-16,https://www.youtube.com/watch?v=CkFi6pao01E,CkFi6pao01E,17046
RenetiXX,Fesas D&DL#0057 (Halle,2017,Accapella,2017,DUDL,2017-8-12,https://www.youtube.com/watch?v=dihDC74TLD0,dihDC74TLD0,9218
Andy Amnesia,Shortworth D&DL#0053 (Berlin,2017,Accapella,2017,DUDL,2017-7-29,https://www.youtube.com/watch?v=2HK4NQdp9DY,2HK4NQdp9DY,9386
Butchbruda,Joseph Steinschleuder D&DL#0051 (Berlin,2017,Accapella,2017,DUDL,2017-7-26,https://www.youtube.com/watch?v=tHEzlDKDqEg,tHEzlDKDqEg,11045
Johnny Camo,Lang&Sympathisch D&DL#0050 (Neubrandenburg,ReimWerkNord-CoEvent,Accapella,2017,DUDL,2017-7-19,https://www.youtube.com/watch?v=HJ90C8nBaio,HJ90C8nBaio,6056
Triple Beat,Mr. Whyte D&DL#0049 (Neubrandenburg,ReimWerkNord-CoEvent,Accapella,2017,DUDL,2017-7-15,https://www.youtube.com/watch?v=l7Y_objhRcA,l7Y_objhRcA,6966
Tableddn Timmy,Hopeless MC D&DL#0048 (Berlin,2017,Accapella,2017,DUDL,2017-7-1,https://www.youtube.com/watch?v=eSZab6qlU6M,eSZab6qlU6M,8136
Mosaik,OE D&DL#0042 (Dortmund,Kupplyn-CoEvent,Accapella,2017,DUDL,2017-6-7,https://www.youtube.com/watch?v=ZrZKeWYQr1U,ZrZKeWYQr1U,4360
Phillie,BunGee D&DL#0040 (Dortmund,Kupplyn-CoEvent,Accapella,2017,DUDL,2017-6-5,https://www.youtube.com/watch?v=cv9ES-KJk_8,cv9ES-KJk_8,4944
Demo MC,Kato D&DL#0041 (Dortmund,Kupplyn-CoEvent,Accapella,2017,DUDL,2017-6-3,https://www.youtube.com/watch?v=AhKQn8nD-9o,AhKQn8nD-9o,33036
Promme,Rhyme Inspector D&DL#0046 (Berlin,2017,Accapella,2017,DUDL,2017-6-26,https://www.youtube.com/watch?v=5L3MZyCpoMU,5L3MZyCpoMU,2770
FlaKiT,ViruS D&DL#0047 (Berlin,2017,Accapella,2017,DUDL,2017-6-24,https://www.youtube.com/watch?v=q3uVXbV8kU4,q3uVXbV8kU4,5683
Porno Pete,Eczo D&DL#0044 (Berlin,2017,Accapella,2017,DUDL,2017-6-21,https://www.youtube.com/watch?v=1mz3_aRDkPg,1mz3_aRDkPg,2777
WandelBarZ,Ano-nym D&DL#0043 (Dortmund,Kupplyn-CoEvent,Accapella,2017,DUDL,2017-6-10,https://www.youtube.com/watch?v=rFIvRmCe9FM,rFIvRmCe9FM,28383
Wux Brofer,Eli D&DL#0033 (Berlin,2017,Accapella,2017,DUDL,2017-5-8,https://www.youtube.com/watch?v=VflpvPsTY0s,VflpvPsTY0s,3248
Vinci,Shizu D&DL#0034 (Berlin,2017,Accapella,2017,DUDL,2017-5-6,https://www.youtube.com/watch?v=vqAF6VxRldE,vqAF6VxRldE,11040
RenetiXX,Dryno D&DL#0039 (Dortmund,Kupplyn-CoEvent,Accapella,2017,DUDL,2017-5-31,https://www.youtube.com/watch?v=HI_dcCSnL14,HI_dcCSnL14,6758
Ilhan,H√∂rsturz D&DL#0038 (Berlin,2017,Accapella,2017,DUDL,2017-5-27,https://www.youtube.com/watch?v=WNfwTsmOCyY,WNfwTsmOCyY,7884
Wolff,Aris D&DL#0037 (Berlin,2017,Accapella,2017,DUDL,2017-5-24,https://www.youtube.com/watch?v=_c1nHOFVu9Y,_c1nHOFVu9Y,12236
Andres,Mikesh D&DL#0036 (Berlin,2017,Accapella,2017,DUDL,2017-5-13,https://www.youtube.com/watch?v=mGJhMHg6B6k,mGJhMHg6B6k,17600
Leonidas,IZL D&DL#0035 (Berlin,2017,Accapella,2017,DUDL,2017-5-10,https://www.youtube.com/watch?v=6DksgfKA-rU,6DksgfKA-rU,3815
Madame Chaot,Yori D&DL#0027 (Berlin,2017,Accapella,2017,DUDL,2017-4-8,https://www.youtube.com/watch?v=XZTmT_gLq8U,XZTmT_gLq8U,70508
Noone,Hopeless MC D&DL#0028 (Berlin,2017,Accapella,2017,DUDL,2017-4-5,https://www.youtube.com/watch?v=eGQLfZpCMHw,eGQLfZpCMHw,4431
Cryptax,JOSHKA106 D&DL#0025 (Berlin,2017,Accapella,2017,DUDL,2017-4-3,https://www.youtube.com/watch?v=rLwKdc4ZZRI,rLwKdc4ZZRI,15931
Ars,LNB D&DL#0030 (Berlin,2017,Accapella,2017,DUDL,2017-4-29,https://www.youtube.com/watch?v=ZE-tNe-oCYY,ZE-tNe-oCYY,5978
Eczo,TableddnTimmy D&DL#0031 (Berlin,2017,Accapella,2017,DUDL,2017-4-26,https://www.youtube.com/watch?v=3PzPdRfuiFc,3PzPdRfuiFc,6715
T-Rick,Red D&DL#0029 (Berlin,2017,Accapella,2017,DUDL,2017-4-24,https://www.youtube.com/watch?v=g6kzkhNC4Do,g6kzkhNC4Do,7384
D.E.Z.,Nicht dein Typ D&DL#0032 (Berlin,2017,Accapella,2017,DUDL,2017-4-22,https://www.youtube.com/watch?v=I3LdGKVJ5dQ,I3LdGKVJ5dQ,9118
Bruf,Cemo Dafuq D&DL#0026 (Berlin,2017,Accapella,2017,DUDL,2017-4-1,https://www.youtube.com/watch?v=0A7QZXW_lk8,0A7QZXW_lk8,4336
IZL,Ilhan D&DL#0021 (Berlin,2017,Accapella,2017,DUDL,2017-3-8,https://www.youtube.com/watch?v=_v8Zq2cLFpM,_v8Zq2cLFpM,4469
Shizu,T-Tekk D&DL#0019 (Berlin,2017,Accapella,2017,DUDL,2017-3-6,https://www.youtube.com/watch?v=tHM2qQC7Fnw,tHM2qQC7Fnw,3631
MSK,Mikesh D&DL#0020 (Berlin,2017,Accapella,2017,DUDL,2017-3-4,https://www.youtube.com/watch?v=7MW5bobkjyc,7MW5bobkjyc,16381
Saking,TripleBeat D&DL#0022 (FFM,-CoSession,Accapella,2017,DUDL,2017-3-25,https://www.youtube.com/watch?v=HnBA4UuuA0c,HnBA4UuuA0c,6450
Porno Pete,Schenck OH D&DL#0024 (FFM,-CoSession,Accapella,2017,DUDL,2017-3-22,https://www.youtube.com/watch?v=GWNnMIu8hOM,GWNnMIu8hOM,2519
Ciro,MC Geuner D&DL#0023 (FFM,-CoSession,Accapella,2017,DUDL,2017-3-20,https://www.youtube.com/watch?v=TxNJSk9ZCu8,TxNJSk9ZCu8,17979
Shadow,OE D&DL#0018 (Berlin,2017,Accapella,2017,DUDL,2017-3-1,https://www.youtube.com/watch?v=Rvbod2n6hPA,Rvbod2n6hPA,4841
BalavaBaba,Noone D&DL#0016 (Berlin,2017,Accapella,2017,DUDL,2017-2-8,https://www.youtube.com/watch?v=kWANHYPCLcg,kWANHYPCLcg,5916
Andres,Hopeless MC D&DL#0015 (Berlin,2017,Accapella,2017,DUDL,2017-2-6,https://www.youtube.com/watch?v=fB08F5-eki4,fB08F5-eki4,4748
Natif,King Lil&#39;C D&DL#0017 (Berlin,2017,Accapella,2017,DUDL,2017-2-11,https://www.youtube.com/watch?v=YSqxRl0Hu5E,YSqxRl0Hu5E,4052
Leonidas,MC Geuner D&DL#0093 (Erfurt,2017,Accapella,2017,DUDL,2017-12-9,https://www.youtube.com/watch?v=i0cry-GK_n4,i0cry-GK_n4,10042
SnakeHeadRhyme,KingPin D&DL#0092 (Erfurt,2017,Accapella,2017,DUDL,2017-12-2,https://www.youtube.com/watch?v=8Zlalomq-GE,8Zlalomq-GE,7390
Wolff,IZL D&DL#0095 (Erfurt,2017,Accapella,2017,DUDL,2017-12-16,https://www.youtube.com/watch?v=Q92uBy-sybk,Q92uBy-sybk,15840
Ano-nym,Wolle der Grobe D&DL#0086 (Hannover,2017,Accapella,2017,DUDL,2017-11-8,https://www.youtube.com/watch?v=5UF2c4lBEF4,5UF2c4lBEF4,17265
RenetiXX,Aris D&DL#0085 (Hannover,2017,Accapella,2017,DUDL,2017-11-4,https://www.youtube.com/watch?v=ESbgxv4rwsU,ESbgxv4rwsU,7832
DEZ,Eczo D&DL#0094 (Erfurt,2017,Accapella,2017,DUDL,2017-11-29,https://www.youtube.com/watch?v=Qgqkd6Tz7fA,Qgqkd6Tz7fA,3866
Noone,Teach D&DL#0090 (Berlin,2017,Accapella,2017,DUDL,2017-11-25,https://www.youtube.com/watch?v=_91WwhMuHRY,_91WwhMuHRY,5264
Demo MC,Hopeless MC D&DL#0091 (Berlin,2017,Accapella,2017,DUDL,2017-11-22,https://www.youtube.com/watch?v=XtcGuHUZ6TQ,XtcGuHUZ6TQ,2915
Joe Pharo,Part-Tron D&DL#0084 (Hannover,2017,Accapella,2017,DUDL,2017-11-18,https://www.youtube.com/watch?v=n0cCt2WhEZA,n0cCt2WhEZA,8036
MC Lauch,Gusy D&DL#0089 (Berlin,2017,Accapella,2017,DUDL,2017-11-15,https://www.youtube.com/watch?v=FLkRkegMFuI,FLkRkegMFuI,4054
ADHS-Andy,Shadow D&DL#0082 (Hannover,2017,Accapella,2017,DUDL,2017-11-13,https://www.youtube.com/watch?v=iH078cExL8k,iH078cExL8k,16516
Rupert69,Pueblo Escobar D&DL#0088 (Berlin,2017,Accapella,2017,DUDL,2017-11-11,https://www.youtube.com/watch?v=Bj_YDfyUkUI,Bj_YDfyUkUI,4667
Splopf,Mango D&DL#0083 ( Hannover,2017,Accapella,2017,DUDL,2017-11-1,https://www.youtube.com/watch?v=3GL_5yyuvdU,3GL_5yyuvdU,3677
Kato,FlaKiT D&DL#0076 (Bonn,2017,Accapella,2017,DUDL,2017-10-7,https://www.youtube.com/watch?v=LGpYsR1Db-k,LGpYsR1Db-k,42355
Joe Pharo,Herrn S√∂ren D&DL#0072 (Bonn,2017,Accapella,2017,DUDL,2017-10-4,https://www.youtube.com/watch?v=HoQ5icymcgk,HoQ5icymcgk,8721
Der Zigeunerbaron,Niemand D&DL#0079 (Berlin,2017,Accapella,2017,DUDL,2017-10-30,https://www.youtube.com/watch?v=fCrWefuufkg,fCrWefuufkg,2802
Bubba T,DEZ D&DL#0081 (Berlin,2017,Accapella,2017,DUDL,2017-10-27,https://www.youtube.com/watch?v=X0xRGjcxL8w,X0xRGjcxL8w,5085
MAST,SnakeHeadRhyme D&DL#0078 (Berlin,2017,Accapella,2017,DUDL,2017-10-25,https://www.youtube.com/watch?v=qaR-Ut82el8,qaR-Ut82el8,4526
Wandelbarz,Nicht Dein Typ D&DL#0077 (Bonn,2017,Accapella,2017,DUDL,2017-10-21,https://www.youtube.com/watch?v=Yg02RTzal2E,Yg02RTzal2E,7956
Shizu,Jozef104 D&DL#0080 (Berlin,2017,Accapella,2017,DUDL,2017-10-18,https://www.youtube.com/watch?v=XVS8XZzvtBQ,XVS8XZzvtBQ,5170
Wolff,Mr. Whyte D&DL#0075 (Bonn,2017,Accapella,2017,DUDL,2017-10-13,https://www.youtube.com/watch?v=5l9zBAdVOMc,5l9zBAdVOMc,22686
M√§neken,D.E.Z D&DL#0014 (Berlin,IDNR-CoEvent,Accapella,2016,DUDL,2016-12-31,https://www.youtube.com/watch?v=mxkdhn9Gdow,mxkdhn9Gdow,3354
Halk Hoden,Ka-Oz D&DL#0013 (Berlin,IDNR-CoEvent,Accapella,2016,DUDL,2016-12-28,https://www.youtube.com/watch?v=-c4Mtrcz4Sk,-c4Mtrcz4Sk,4217
Blvck Light,Kol&#39;ja D&DL#0012 (Berlin,IDNR-CoEvent,Accapella,2016,DUDL,2016-12-26,https://www.youtube.com/watch?v=D5CrbkP-Sh0,D5CrbkP-Sh0,3497
Sanja Alexis,Triple Beat D&DL#0007 (Berlin,2016,Accapella,2016,DUDL,2016-11-9,https://www.youtube.com/watch?v=r_dMQ3e7tFE,r_dMQ3e7tFE,4626
Ilhan,Jay Pie D&DL#0008 (Berlin,2016,Accapella,2016,DUDL,2016-11-7,https://www.youtube.com/watch?v=MFjaftO_xyM,MFjaftO_xyM,7413
Mosaik,Sizyphos D&DL#0011 (Berlin,2016,Accapella,2016,DUDL,2016-11-23,https://www.youtube.com/watch?v=zLkiwYiGf9k,zLkiwYiGf9k,6600
Natif,H√∂rsturz D&DL#0009 (Berlin,2016,Accapella,2016,DUDL,2016-11-11,https://www.youtube.com/watch?v=ZDP0LlcDDb4,ZDP0LlcDDb4,11407
King Lil&#39; C,Drago51 D&DL#0006 (Berlin,2016,Accapella,2016,DUDL,2016-10-29,https://www.youtube.com/watch?v=-FngR7m7_08,-FngR7m7_08,5633
Apriori,Paperbite,D&amp;DL#0003 Berlin,Accapella,2016,DUDL,2016-10-26,https://www.youtube.com/watch?v=5U2RQhxGZGI,5U2RQhxGZGI,3913
TK,T-Tekk,D&amp;DL#0001 Berlin,Accapella,2016,DUDL,2016-10-24,https://www.youtube.com/watch?v=F05bbI13KsA,F05bbI13KsA,5398
S.B.G,Wolle Der Grobe,D&amp;DL#0002 Berlin,Accapella,2016,DUDL,2016-10-15,https://www.youtube.com/watch?v=6jvuB2i2mCs,6jvuB2i2mCs,9669
Aris,Popeye D&DL#0005 (Berlin,2016,Accapella,2016,DUDL,2016-10-12,https://www.youtube.com/watch?v=Pz-PARaHi8I,Pz-PARaHi8I,5431
OstrichO,Sizyphos D&DL#0004 (Berlin,2016,Accapella,2016,DUDL,2016-10-10,https://www.youtube.com/watch?v=J1aUQuxfL-Q,J1aUQuxfL-Q,15783
